"V1","V2","V3","V4"
0.541095566435989,0.0688428636985986,0.586265335343036,0.26647065709038
0.880789567393134,0.126465520291589,0.471573810795811,0.740519356199484
0.525832771194621,0.120965348634883,0.502084471925935,0.255799905581152
0.49787822394371,0.199463797283173,0.401776060676575,0.261738705748952
0.388600838028806,0.154550493604841,0.523940414768551,0.134591338404686
0.409051550604246,0.0985280737440851,0.575327033552202,0.146008753956193
0.566017961459906,0.127009400979704,0.5299530736655,0.292390582559451
0.768375881656655,0.173900595744303,0.435306538187643,0.5734721293678
0.537374781737008,0.101666383878342,0.53652801624102,0.262927327989939
0.568885620699299,0.167037588072288,0.467102546286615,0.308790476568737
0.565915362345497,0.10578099837224,0.549392275255988,0.290937357474072
0.580064400994711,0.147843312460966,0.460008631705591,0.322229945988971
0.679686516764249,0.0453150485278547,0.63163821876896,0.432058786987418
0.448362950003683,0.0306270048417151,0.646180508777569,0.189122649396633
0.499891016996902,0.078519480322061,0.556311212673614,0.226486132292303
0.894807501669255,0.153386817808242,0.474717616925704,0.763766897343225
0.629332784374058,0.200706708366071,0.379358231780698,0.411567880749145
0.155220733222777,0.109444420124093,0.625627884915995,0.0172706639756704
0.482146814694759,0.0873496716035485,0.575935482862616,0.207787900103926
0.363077771470998,0.0289196417550091,0.651593841442629,0.125941572310729
0.733555840634536,0.136423811606203,0.462317736886141,0.513960015590551
0.609252159708434,0.0665357644987656,0.62062831695075,0.341355585884886
0.396425410945472,0.129348234422309,0.549903567774384,0.136890694418216
0.921560979604721,0.21205342335701,0.315999250268936,0.880729102019001
0.39940626756516,0.0551837974140876,0.652429557591176,0.146403637246723
0.634024981594086,0.0197256083488464,0.68897306137085,0.387228313326492
0.562233554555932,0.0452585078908679,0.641821392573103,0.29399753579906
0.376986594728465,0.0583117711188347,0.6157028026271,0.127319241669343
0.267622940355455,0.0326003354291295,0.679240306848444,0.0742783759625432
0.608235880460625,0.053770899904175,0.651893823689778,0.344485160092556
0.299612280696008,0.19436557851836,0.397952712653507,0.116469504353815
0.390620737063312,0.18778052732777,0.317857463751572,0.211934705552501
0.735696844727908,0.237368598601848,0.0500488669501654,0.80993492939541
0.739579579887178,0.206235101801157,0.281243911947269,0.609495712574154
0.894816598141195,0.192207704610321,0.240683928367248,0.879741432174781
0.390015606269078,0.189925718041969,0.329739934762991,0.20514431694121
0.887159772156676,0.109708318177097,0.496077109376546,0.746440428186879
0.491784163514053,0.227848114329771,0.136515590785979,0.43577970244814
0.847636109295733,0.238538693699976,0.0682048220764787,0.961044792643071
0.222812223812149,0.111970611497047,0.531135579595178,0.0427045086689278
0.622491869722925,0.220858920246074,0.243845020619776,0.484431150008456
0.558292952195893,0.155663620218351,0.400389692416405,0.319183067231815
0.735641650009305,0.222254251619944,0.213753067327197,0.653882593136561
0.210828414075797,0.0385179595809201,0.616584669270242,0.043272571119591
0.676609382537203,0.0164765119795187,0.627939387339433,0.434142355042792
0.766032990489135,0.172647934781107,0.380690608143122,0.590907060090484
0.192611512492283,0.0769192809779041,0.547340597270898,0.0331946938031583
0.740798478413297,0.169028145890623,0.335347638253756,0.57611798274637
0.615097927470764,0.233712363586824,0.220693425709131,0.494995069119887
0.385997666597366,0.105492167782784,0.468784530210495,0.145142628619182
0.74687437650172,0.236673303465173,0.226325829532848,0.662886984961913
0.678904699842358,0.190701571011706,0.303676191998681,0.511455757968959
0.671731006476698,0.204095420422094,0.2484513619773,0.539513352488296
0.309933534574509,0.0586685806512833,0.581358339452744,0.0853250950606136
0.823893363014591,0.210590799124527,0.233657697141235,0.76945641562352
0.44128537836171,0.1519617922702,0.447332802867278,0.192606020008812
0.789654072356224,0.240640528273582,0.0550235251188278,0.88420218375249
0.477231322558596,0.0687370806508332,0.51921843697676,0.211619920476154
0.5684025390625,0.0606408203125,0.5918376953125,0.296241796687431
0.882051581406593,0.203030182552338,0.297479316711426,0.821483465107443
0.223619045003955,0.121970146118104,0.480644513265912,0.0520591424327769
0.649586078753893,0.208358080867199,0.25226807308448,0.509477229201852
0.840418994940857,0.199927409759197,0.056816922377037,0.95541809761735
0.366144283862956,0.120717101915499,0.471751054722071,0.129812601697178
0.839360818899125,0.228324456668622,0.139277865397357,0.875131030127685
0.235310632069456,0.122600024690703,0.437566626579415,0.0688398155823151
0.94364713312362,0.129791123723235,0.38859975052333,0.879545370498642
0.318539346194267,0.169885089457035,0.364541663455963,0.139588701122155
0.461746283185482,0.179150420117378,0.38978993088007,0.232125881599251
0.323272077715397,0.143141264100042,0.40854141172833,0.122674770130633
0.180586044539352,0.162191101993031,0.432086593773787,0.0513635138081618
0.868864337522733,0.185564746974359,0.0963829116525977,0.959399694609805
0.643292751027935,0.211100551880503,0.180578791417448,0.557097437149973
0.83828733001842,0.237236065859236,0.0604293664051164,0.953919729010073
0.55879590894111,0.0765966039535226,0.503488352395594,0.292959602066398
0.77492589551772,0.0909288169986772,0.471430817823102,0.573852605419662
0.180461837300901,0.197299677965727,0.465178374835909,0.0440988881908255
0.750510332170969,0.128898843884673,0.40235066839025,0.558323632717999
0.220074776835115,0.136001356246807,0.448950932779266,0.0589602306490375
0.531189094952022,0.0837555073960722,0.494957502162772,0.265387878198984
0.263359196935557,0.0703867616106063,0.539476862755646,0.0629655678953658
0.212723976355229,0.0663128932604424,0.524621268144317,0.0444997944508844
0.928852846928837,0.0770517852500144,0.46284024379085,0.830711716895638
0.627634667468166,0.175849827011832,0.333249394740483,0.429608291262882
0.378208691802783,0.0943453921904182,0.475356621308237,0.13886960811295
0.424414792782109,0.202683294594251,0.334549469212169,0.229956208482085
0.779410759557984,0.128539169120246,0.403331896490605,0.600426180123711
0.761032196820742,0.153575166519763,0.320051607482571,0.612963460407692
0.112250008127005,0.0879012849141143,0.551544064965586,0.0118273175905519
0.131871890494447,0.132003049701519,0.528554887930208,0.0155462373256542
0.28622500764568,0.0586445649234737,0.584409242481057,0.0725130330795339
0.30953012130735,0.142237095404815,0.476293849206557,0.0934453050580817
0.282612072861688,0.12698078927247,0.475939089320657,0.0793734687620346
0.300317521090054,0.0894147882911617,0.516073811183921,0.0826740310210919
0.322646165203038,0.190415168355663,0.35116516800095,0.150102240824369
0.382818157971966,0.0469654878918336,0.581108482291845,0.133492962479253
0.407260114417604,0.10930259154809,0.495676082779728,0.15415100452023
0.284461396677901,0.0778450247083197,0.528448750062563,0.0737334247203871
0.923328257935547,0.164373045539856,0.409036610794067,0.835096437792063
0.469244036066532,0.192833086061478,0.266395980501175,0.307018300028569
0.86295106536192,0.17399951355326,0.380559344380111,0.743117645548303
0.421713756183407,0.0909010568445105,0.502496449190305,0.165357315422799
0.93750625,0.06259375,0.56254375,0.830962291992187
0.438942337122303,0.0750112895689262,0.54539898788177,0.17443863809888
0.612818203431992,0.22905797449269,0.222873540543599,0.489832747494556
0.382227334630489,0.156650367224216,0.410714432954788,0.160170355881227
0.271599269851688,0.0892180534549633,0.564061250917098,0.0622406069734154
0.479836140305188,0.169577898046495,0.458055287501801,0.223375706583714
0.257984070289608,0.183748276830503,0.378672840473894,0.10287635957535
0.401118316733913,0.0827987046456372,0.537750318636387,0.144875816035501
0.233924737791116,0.117387244408892,0.487825810214135,0.0546796842527139
0.444380491926711,0.0962686889928215,0.530137795570634,0.17850434725956
0.69827236328125,0.22761630859375,0.04208798828125,0.765530381877165
0.425341274802219,0.158781929257423,0.418403553660848,0.189624753751883
0.635403894003481,0.234451967395651,0.265134290832021,0.487570092196061
0.315536229078221,0.0584005249910819,0.561982075837315,0.0896347749955808
0.543190427741878,0.0949786687665597,0.56307166555954,0.26675503727647
0.154802832605292,0.130846560575616,0.542458999956465,0.0189704991656105
0.404507349181175,0.0305561196565628,0.621371465730667,0.152690457082816
0.275171382208696,0.15735350114248,0.448114864981097,0.083479244895735
0.303682256288488,0.246710869057265,0.283001527634057,0.186777218464456
0.931091345614195,0.18186472299695,0.34243090916872,0.880060104724064
0.750175680600731,0.227337496837336,0.171502750386406,0.709890742208953
0.34465108391824,0.253020814092457,0.286127887817839,0.210294711834736
0.621313607848845,0.267387696793447,0.120253315889684,0.596036289036399
0.799342923198678,0.220097277472428,0.302833969307599,0.686611757131859
0.732756842639501,0.148380705985083,0.457174537474035,0.514336528855204
0.304795200802493,0.230334523708659,0.369691381726168,0.136714788208955
0.737773160816647,0.206019346832251,0.167692957913324,0.692190779966275
0.330093500903538,0.207415468231569,0.486099606110674,0.107574254369567
0.930130872591778,0.140402645943065,0.46213109053364,0.829243586114034
0.66644659283134,0.234212096605146,0.254419030601556,0.533366391083727
0.522359245593468,0.210588670247162,0.314463787237335,0.328931315887477
0.350695317024448,0.297570372322048,0.252441685870527,0.248470690315641
0.739712572605163,0.285229786069893,0.151554927062541,0.725886609917628
0.59368113240445,0.242961366204833,0.0719082198777184,0.607218390192249
0.686108374441075,0.153846322253453,0.389598182185855,0.474938844591152
0.747522466243671,0.246188278692307,0.203405826824677,0.683401378292653
0.69393094284313,0.273777252864434,0.200285915113733,0.618471999904988
0.798582805019264,0.296762360127987,0.0605338013125428,0.906317745250471
0.894462272579733,0.251412873851756,0.0477901893997008,1.06464352409684
0.646348795793479,0.28009852372324,0.11012683317554,0.639489154000127
0.205421478354519,0.210897589255867,0.371779042951641,0.0878839684664478
0.4512267578125,0.2715572265625,0.1934400390625,0.360030287195549
0.865288156896995,0.286476472475969,0.153105014095755,0.918876790467737
0.156663929176925,0.265281974050945,0.268911043182114,0.141359221303395
0.544430100673437,0.240292948746681,0.218796358901262,0.420013220034122
0.334428367564134,0.237785346227269,0.381406846732635,0.15002157156992
0.650814222321567,0.0597295485832646,0.631968450591729,0.392875625840614
0.47747820581461,0.286989402685322,0.141783266257998,0.431805204262038
0.744824832251336,0.19741063360492,0.177185237032502,0.69304284543733
0.390266620670763,0.182836493497766,0.313272582936517,0.213839614840612
0.325833426349677,0.101949806122952,0.472620625029486,0.10519073856775
0.807835489394338,0.161146132983831,0.289327132425376,0.701992838148539
0.611166673746384,0.214726425313056,0.196875306429173,0.505848259880077
0.362756220954355,0.183632704918724,0.26275088414011,0.226367481670626
0.865397592193044,0.173958286389016,0.298162828523822,0.790147980341153
0.32721572265625,0.14559326171875,0.39752119140625,0.129366138300276
0.726782193584989,0.187677027171842,0.226758873300455,0.627087462877
0.843765625,0.218828125,0.093840625,0.924625678623047
0.756253716495467,0.171272756420279,0.224273617832611,0.669592760274195
0.337322440226844,0.104049178952332,0.472798761204505,0.111919698952092
0.628072513271995,0.186600343373481,0.230998281370407,0.496024591485601
0.187024312537119,0.0630759037098147,0.520619797917244,0.0368751678005157
0.803606123226588,0.197182169492047,0.147169867260776,0.806791363518111
0.688763333600759,0.152490140664577,0.32178717649579,0.511527508472791
0.845949540627891,0.161403258177164,0.251696778673079,0.787546886298175
0.471380315909702,0.242510764637459,0.229302031190094,0.342742024218895
0.777491273853437,0.194299193338711,0.0429620051509124,0.871982934589761
0.468386238139833,0.224043764758709,0.222952498294879,0.341410666727285
0.260434146201079,0.12092264887856,0.459903515994889,0.0730908658918255
0.791900227170777,0.181279358735474,0.209017433585761,0.735063308860358
0.332966594433051,0.16578150698433,0.342110313755962,0.158960533715793
0.810849986839294,0.130507285153866,0.353195683127642,0.670729184408908
0.748071639764636,0.178828350724019,0.213416531822647,0.666581298522251
0.703358256561321,0.184358893433643,0.166059801289347,0.643683149162999
0.899464171409607,0.0866121389746666,0.433059827262163,0.786687230343594
0.404935922104701,0.0737408438080957,0.474452352675102,0.160729433212583
0.264605908788884,0.224527814884019,0.285752627125409,0.160936295286308
0.738424314276146,0.187376306886785,0.178615523566252,0.681674400491203
0.374802113348246,0.403151419514418,0.255298288291693,0.306956437016506
0.605540515771755,0.351479126874766,0.268826448600804,0.485646227544888
0.976293033565743,0.293493638340617,0.399516528815427,0.959224424604312
0.559749882876873,0.30608910494113,0.367297030476083,0.362371201213456
0.543197451972365,0.216180399572857,0.471928669437375,0.28557734370209
0.698927002102649,0.347727258940803,0.158854240535857,0.685223529342293
0.790179349267197,0.303768189668539,0.201357221529347,0.763608727826411
0.958844941700315,0.28070993019175,0.233050867405843,1.01720387608843
0.619680954048873,0.296147454584104,0.184928189288447,0.54439026318845
0.71357464534084,0.272767177600364,0.302805099487614,0.573226228091389
0.760656408346556,0.164075151675639,0.536976387127776,0.538410375765561
0.7793189453125,0.3496744140625,0.0840759765625,0.871619839676628
0.476830430200423,0.258581594268622,0.375399349879441,0.264164479886961
0.803373318140878,0.324224548150305,0.0591914563421043,0.92451885424679
0.707171460026503,0.287315118694305,0.31008300807476,0.564314792677322
0.46170805371469,0.252575514828411,0.442848042651661,0.223741827879422
0.730108153497862,0.253688249653544,0.353027511661002,0.564071854699829
0.551265890967846,0.330878598195314,0.201635394543409,0.466847127216096
0.143042593421881,0.24433792733269,0.449704249422956,0.0462538436491435
0.605014845216274,0.261616285216808,0.388953880536556,0.38997305758961
0.637529284666407,0.211124754464595,0.456123669420354,0.394850960925988
0.668618879399599,0.263680244355641,0.330806418631957,0.495596060219224
0.371600090633614,0.173908587978071,0.567231807159565,0.118914168721588
0.748121305091356,0.299487104899943,0.285498282330114,0.640045675872787
0.688156541989802,0.274945610815869,0.395515218889713,0.493194377348164
0.744101214768633,0.294087127197,0.330372784161568,0.606382223222646
0.776887310731591,0.318832870114636,0.193579181947107,0.754999731712089
0.7793189453125,0.3496744140625,0.0840759765625,0.871619839676628
0.824252485802097,0.33194723842616,0.20971141330551,0.820005934446222
0.864304642784596,0.238226245170832,0.35892919575572,0.763827764871276
0.431094896364656,0.115772626447428,0.533151298301104,0.165932830437858
0.4980970703125,0.0059587890625,0.6777666015625,0.243129557783318
0.661925208625192,0.0621304371192253,0.578975063339665,0.405835186080807
0.290554108954774,0.0532541469388152,0.637802385511236,0.0768423070668688
0.568101446509361,0.0780304113491133,0.579594699729996,0.293809772932136
0.293368369808258,0.0152491445690327,0.654330427419727,0.0878774694898278
0.441976664792805,0.0729585723760205,0.585183192451661,0.174438863137589
0.658773907666561,0.10060180309316,0.498437417232875,0.407223803100116
0.413578167144312,0.199272928501071,0.455590147709459,0.171499695801459
0.48113281428303,0.117417206699588,0.498762552353762,0.214279819482101
0.576898868273854,0.0412277926363504,0.647184065803579,0.311080657132466
0.602807161466964,0.173904454460373,0.440721426991256,0.354627220079797
0.912649717489556,0.0731187751636942,0.579492712978587,0.783964170840977
0.911932190458608,0.156507128777971,0.419955861259391,0.810492765762458
0.098455749903377,0.154716637749038,0.573883630640882,0.00558483386997197
0.330337270237169,0.127301312641051,0.514333563914461,0.0977024708257527
0.405465946093925,0.0998197034745143,0.548624981090162,0.145228525473068
0.10819624062966,0.064163605258119,0.581052915671724,0.0122248028206009
0.757426441407204,0.142247384371782,0.472417493102972,0.545431574460993
0.438628431322333,0.108959949016223,0.484567852529534,0.18126526031967
0.20834754862583,0.176237661832786,0.49582846474961,0.0439727249923733
0.725545016686277,0.100002512551827,0.509658479123613,0.493544259633539
0.499764491852586,0.0781053369762202,0.575928306834167,0.225089073528215
0.897394130307436,0.181003641206026,0.339435598492622,0.821947683216844
0.676217763813597,0.109545106710859,0.512452557775176,0.426189453433608
0.312361915417026,0.0859282777847914,0.584382739155981,0.0828959012575603
0.766848072568282,0.184053599514137,0.392900647844305,0.587775943341053
0.584065127270702,0.182811865844574,0.418767182810785,0.341666355140932
0.635826317491431,0.0215650118404442,0.636240797595849,0.382365768795966
0.59964983125329,0.0912595847785473,0.524307022106647,0.332605985225225
0.165628044834733,0.125004121440649,0.52793309545815,0.0238134816497033
0.611231069938093,0.242597018086707,0.278171041557193,0.451929583274047
0.64847265625,0.27351015625,0.07040546875,0.680803755880737
0.354586075654302,0.164855992584868,0.441355761348829,0.131141935333249
0.245484430123629,0.123028529557655,0.557338025766617,0.0485416144801704
0.93750625,0.06259375,0.56254375,0.830962291992187
0.465692814509223,0.134405503269294,0.499473531194911,0.199965097939059
0.152070222932234,0.04503713844347,0.632532489415428,0.0249774472692949
0.794695167459065,0.104910078135892,0.518481414942661,0.592635281461428
0.21980458984375,0.09677001953125,0.54789677734375,0.0406093593482494
0.428190490063802,0.137767684249504,0.48973372298869,0.170719301456796
0.960319769616765,0.151351865392923,0.391995757866555,0.908889503333198
0.346070034030033,0.229320105305531,0.347381467398504,0.17169447063727
0.785173030803957,0.188777775419329,0.352455908954726,0.633943654839924
0.159142367011309,0.0756739626437426,0.59402523522079,0.0208512878534091
0.92958085413411,0.2426540315474,0.18360963758823,0.993164497226994
0.514364978592214,0.113917073980539,0.487627631668558,0.24791730068079
0.398634643825889,0.247111842814088,0.363998302251101,0.203061248840033
0.310640627980153,0.145614336851217,0.455469441675734,0.0996797651408978
0.524362994530191,0.0117215988992648,0.663405971108283,0.264870435722004
0.263347539652195,0.136417945055312,0.514274081898186,0.0618128384137584
0.247785194728762,0.0725781201619655,0.588811666810098,0.0521012797235075
0.514012806531385,0.15794941232933,0.468010153040009,0.252011897989878
0.9160240234375,0.2598396484375,0.1504755859375,1.00147231028423
0.12645274218315,0.0734755954198479,0.591031959937641,0.0138090536219529
0.456048040874652,0.112685493794575,0.510373937729676,0.19029584642046
0.512936394014724,0.220345296390841,0.310461137660252,0.323515680121072
0.633719289091249,0.0542523657211207,0.636247193686288,0.373143495855399
0.380764939354042,0.132478934060039,0.481670102778089,0.137094573689466
0.852746837971258,0.00821691217205698,0.631674040718004,0.695282386484577
0.686435140797496,0.107222913575172,0.543786524280906,0.43514138632075
0.60062587890625,0.27839248046875,0.29596884765625,0.437201313923292
0.200970760682481,0.0762000747470741,0.656615533884113,0.0365067501476081
0.871838946399432,0.222472271655597,0.30589476950055,0.801992373874076
0.304305839410424,0.047463908803463,0.614362481659651,0.0840129025880151
0.910975491763606,0.255613537073396,0.278485785362786,0.892855697256533
0.457032802039385,0.287988375231624,0.311731686478853,0.28735619380163
0.402510220660244,0.055416960655264,0.654482059246527,0.148886449820879
0.814713590747118,0.135882430893183,0.514254601421952,0.623144647255893
0.184075203817124,0.0493139649469771,0.619369845906042,0.0323383163153501
0.488227639961301,0.134407330866289,0.541725927570191,0.213399715490098
0.850731551761635,0.186345626213202,0.384842048871567,0.72204114105994
0.728724595950313,0.215943092376911,0.403018583139189,0.532785092854188
0.774269297787547,0.223390952556247,0.322791968058737,0.637735131570155
0.468432412313485,0.0478138839400012,0.655520197026163,0.203803752439073
0.911408062871221,0.25505945445555,0.161626907023296,0.982289819999968
0.927894143068174,0.195658770021706,0.346607333452343,0.873519634296591
0.348095743734376,0.037946662010264,0.648343566785267,0.113936886426295
0.332291992500358,0.156585123703485,0.524821530042263,0.0973073174032825
0.611610413216306,0.0763517076214247,0.592105625380025,0.342384099034991
0.473089637616835,0.25646043730977,0.338084877073714,0.278490992039292
0.749412687729886,0.292129109465006,0.208280100591261,0.694142360806146
0.904641693377784,0.229498546242387,0.264574379706308,0.885518428323666
0.630223971141261,0.127334071926546,0.535794129632185,0.364551635056236
0.385927977005457,0.0537442263366756,0.639304034967763,0.135669590470203
0.621276359746975,0.0464841995381477,0.644166920328355,0.360303655382946
0.568322607067015,0.178185916328454,0.474458818002222,0.307009981862671
0.803834255630541,0.181218123604313,0.456026996408736,0.621246614663824
0.467129862054093,0.0572732958610318,0.636652664542349,0.19926964169518
0.648346098443866,0.0586487664522902,0.626476181966124,0.389670908871988
0.605557378433723,0.181230690269606,0.512241307246102,0.340667853843482
0.634715220295242,0.224785741470942,0.420763294636063,0.404994916163219
0.727183754267891,0.223392719085956,0.410388879017328,0.528971910011925
0.932420664468408,0.292257458788157,0.00476952711641788,1.19184470526544
0.702101112050924,0.270952682335094,0.247174409355267,0.593354407244649
0.406871975632493,0.1622651952337,0.539552520824976,0.146182122674548
0.506397987987499,0.232629815985645,0.355996549084824,0.295073009826586
0.343364616151705,0.276910339023647,0.415239608582973,0.151078225824048
0.65981184232831,0.271860911658406,0.398393179756403,0.4546955667291
0.476060903778672,0.219074714556336,0.437889972832799,0.231502801270163
0.782697532446518,0.262029464807398,0.304786318807964,0.66859588319521
0.637783476892861,0.153542446981215,0.50671416767514,0.378286399166756
0.938878679925401,0.274666543236585,0.26945074533346,0.953458342450835
0.95412330600814,0.292444159024397,0.155623467612103,1.07471360886516
0.258404915233279,0.169847602234393,0.552764194760982,0.0552909059584423
0.400107036697784,0.271110505078586,0.37727907129078,0.203773795240274
0.477227386436653,0.180628314269636,0.463141458189745,0.220393255565781
0.800578310029395,0.260138543415562,0.275993277134487,0.713204557963821
0.85834952020821,0.290237761251916,0.231344336788667,0.844641310552947
0.733080057259326,0.276653231112218,0.306455473966555,0.599164061253386
0.522018816824912,0.219606369645097,0.415676217779548,0.282394946889911
0.647835876389793,0.17288330391488,0.497696566661638,0.393268474303519
0.2656984375,0.0469703125,0.7031546875,0.0748491657495117
0.765372704187036,0.306318665775657,0.220975614592433,0.712094397382332
0.53268892690063,0.220516633908925,0.446469289582245,0.282750764605911
0.217369427804472,0.187218158909552,0.447837668591755,0.0604902321061755
0.40512836220261,0.33609453655038,0.113669373525419,0.415691833640879
0.106601144927432,0.159528023467022,0.59245244804943,0.00630604464516855
0.463100738728764,0.194370963317143,0.409027267952772,0.227003035925018
0.192781789765154,0.147165514569176,0.569992961662614,0.0274496780279693
0.63401637759605,0.252953946353888,0.453909436140209,0.398936831250042
0.611873028644625,0.373424776205393,0.147690983911059,0.597646793645952
0.386910535683226,0.405797869291902,0.310292468937568,0.281964091356092
0.489993824598193,0.403530735340714,0.233016336783767,0.415719776205297
0.277416015625,0.347721484375,0.488332421875,0.116832547863007
0.691435742250758,0.395767066292169,0.182625334711883,0.677115644550882
0.702421097275077,0.318577350334619,0.223167977116471,0.626042375583645
0.0696962477178392,0.319891567219264,0.605951984654452,0.0339721941608059
0.590370175674135,0.407940344075558,0.129281466158188,0.607382699870574
0.2168751953125,0.2871806640625,0.5215322265625,0.0627416779652023
0.55181593560548,0.389989689111756,0.300722656573257,0.424353643602583
0.752055050384998,0.340606146451831,0.24242240973711,0.689468054838951
0.513547433233261,0.412134878197312,0.323818240058422,0.384151876642368
0.103750981056809,0.293174663052889,0.576391429430228,0.0294590492125558
0.606942878739922,0.360726850464474,0.177006323178731,0.560507078475451
0.811658390790844,0.341796804208262,0.215715260802177,0.799386550862738
0.646171014660597,0.401607575196028,0.155251466906071,0.645906500397017
0.675304937505722,0.297909082823992,0.470081993567944,0.458232429202858
0.27448662109375,0.40142705078125,0.52446162109375,0.133823857461805
0.360580924866197,0.339122155396535,0.416237654701453,0.182701980204774
0.549048846022884,0.409363595662608,0.325342955256862,0.417404943453011
0.31846556770095,0.300788622346326,0.434992723518964,0.13629276611675
0.51980520107112,0.383180936627579,0.280466276825243,0.401147903181309
0.455492729513981,0.357581826028205,0.350855180768869,0.290459054836739
0.749137055636141,0.348731572305847,0.156681274961307,0.75725846603622
0.351090798012496,0.354154117036901,0.336304808079566,0.218496440654111
0.24681857456349,0.288879435160756,0.452075226107903,0.0910571192205576
0.473756312054396,0.280406826600432,0.457315001809597,0.236992750152717
0.259893670192387,0.365003382588842,0.606077846413867,0.103514561987978
0.64818272948477,0.41428839269532,0.107271478385025,0.700165405413502
0.892432972125254,0.192843972074856,0.431441416362905,0.774995112911191
0.538942064220727,0.211468300424154,0.42623993676925,0.294322302272726
0.233465625732253,0.101934145798847,0.575483809568524,0.0434483137039532
0.592799704321506,0.152025954612634,0.479365649478907,0.331440777294366
0.61304752293971,0.0676923046975813,0.59608573596115,0.345188138269045
0.433303823300346,0.12561356873501,0.51829169103489,0.169537191047157
0.606715615940246,0.147183730549896,0.501798782032073,0.342295986864336
0.431634971717,0.0348763090848923,0.668926805508137,0.177112545415287
0.266387068236183,0.174505191642773,0.505807469829496,0.0659416870195237
0.600299661736377,0.0493019880468138,0.669259371268347,0.338264694057373
0.461815118128969,0.0541247902094319,0.665385436473876,0.198114103204189
0.274263735008809,0.0886971038329399,0.63452314426591,0.0634886068855868
0.848659995521331,0.293341966579584,0.0871254003455588,0.956758301952182
0.632236246850812,0.196938530999471,0.414914501234889,0.400187135186459
0.414040697493407,0.164607890477719,0.505308530214028,0.157059280055213
0.877025547453107,0.0767811658736027,0.659560633873939,0.724996368134002
0.482566038624581,0.212467333340377,0.461649409520964,0.229208419603709
0.613208878933564,0.169539530455715,0.450577229400161,0.363332344700221
0.543590728697143,0.154933195359946,0.511747511740667,0.271786938611284
0.820313138742864,0.281910329863397,0.260432352019319,0.760039586546668
0.822176633444002,0.263276053301705,0.165848871168564,0.831228006557928
0.877952599890088,0.232726987071802,0.310426938836145,0.81147446354358
0.812027935032518,0.254005634353005,0.284018151273124,0.724409504560309
0.623125871903804,0.167465854427791,0.446073165813982,0.376246143363627
0.589959771084733,0.156956529641646,0.46571987848247,0.331873620165517
0.798362697082814,0.292273044775333,0.190771823048141,0.781036015244869
0.661386818454206,0.181120975479777,0.414658233479637,0.434691819559022
0.845336500106319,0.295238592446321,0.17369987128689,0.870604428731151
0.834089438959829,0.200433693254443,0.299165874310854,0.740713228306257
0.980555844131039,0.115894910826483,0.471355353970713,0.920686913087736
0.55510832622586,0.248742896988329,0.33317044532669,0.358761783164295
0.688190861452375,0.204376903811403,0.321141708288821,0.515121542699839
0.969496577302709,0.267643841951516,0.091974669106657,1.15703650598094
0.159901893268952,0.19992011199982,0.486229859293069,0.0334085666134041
0.23958424186791,0.205050286105194,0.423806869002343,0.079201113572472
0.400958811896426,0.378047678899765,0.101583354860827,0.442696289704961
0.798823538510515,0.340773320274368,0.0617474418340114,0.921115375874054
0.447077106613777,0.261007122029201,0.328330006884766,0.262400621602341
0.405339194723321,0.25724714293413,0.273902455948257,0.260966011858346
0.455667437029589,0.308251637959382,0.292881142245016,0.30382337341208
0.370420439969757,0.253563861144371,0.395094206666982,0.170769210648654
0.47922527283723,0.282929459098185,0.0958375048076525,0.476411997592357
0.332254761726296,0.249485849147089,0.348226081752436,0.16673519805941
0.569923728838232,0.312025510989859,0.172616175919455,0.503767342479613
0.092064822602272,0.196222135445476,0.573602464669943,0.00770980059020251
0.31459850912753,0.227399978940483,0.39021358857823,0.132645406133634
0.930089400329486,0.267551377357356,0.103028685355015,1.07341077003122
0.378267483544044,0.262984059917705,0.331291972053971,0.208619323370587
0.391211395180157,0.213424672874091,0.367586466276901,0.189880905252321
0.392167468560241,0.251774218161141,0.394836558965399,0.185750788666026
0.560304802738929,0.336611135774331,0.27197613003731,0.427478781783746
0.607432097924351,0.324090515277776,0.0823631462884561,0.635265057848941
0.317699565997379,0.253475934980262,0.34437931216086,0.16098976414608
0.436994161012783,0.26967446836144,0.326328201871394,0.257355967934266
0.693739169891245,0.285952509441597,0.148796135312313,0.665436748169323
0.1504755859375,0.2754630859375,0.4785677734375,0.0476104001066208
0.671047720593783,0.243289298201717,0.292992465054517,0.51586448571479
0.846312378419206,0.235167680647559,0.348580262971786,0.738634670767593
0.826044239930476,0.14095888729518,0.473454658379135,0.649701074877276
0.591607296341136,0.281262053853706,0.112539094495606,0.572975857557731
0.772702549582738,0.159912032395971,0.286925790289044,0.650019026976977
0.359829549497813,0.114091915128171,0.393643809742533,0.152041637841232
0.230391789522767,0.0853426869988441,0.501185325136781,0.052908631140967
0.339389371254025,0.124493162489711,0.42061929014469,0.128139684122726
0.433907405867713,0.129658159786514,0.422517769704092,0.194748088244596
0.167853798136962,0.14301314990486,0.46645926804176,0.0368458758250779
0.502520037671924,0.165117790699005,0.236278589966893,0.356199353527547
0.660893739716865,0.121914532325551,0.418648623841354,0.431242316589569
0.98144716796875,0.05380556640625,0.52055576171875,0.91899258081439
0.43973902203719,0.0716711734585464,0.509512093802301,0.180742955884568
0.18352159194802,0.121692372798828,0.426593791112927,0.0539737616885785
0.266658611940916,0.111762120644801,0.514573148010659,0.0641024234770884
0.239800922023423,0.111363563703976,0.51608532786555,0.051878144565047
0.352160888323306,0.153720232821171,0.386144169640299,0.149710198932766
0.352207286817954,0.129738879351356,0.415901317810533,0.137815151059451
0.360221313461296,0.0887147990109155,0.493883134707709,0.122937076804057
0.167850526137023,0.0777293592743741,0.513468199213801,0.0303681527999362
0.521114246698771,0.079769151343594,0.489579505990559,0.257013643937661
0.251221008191018,0.0744734942631517,0.487117694075766,0.0659748724099039
0.447374829533128,0.0379633703455895,0.540862196668299,0.188110501901938
0.628742880027849,0.139607510279353,0.298904402063755,0.449151749528808
0.381494709685013,0.0714851396402869,0.488887862502462,0.140588724125934
0.18901439311329,0.135824527495396,0.395346520689227,0.0671860583818297
0.414911233407986,0.0390822477230921,0.56373204514842,0.159656414877397
0.393154068014026,0.129446309375763,0.433387292233109,0.159752051890343
0.393110732346461,0.151753756079902,0.362843086285231,0.188230956449883
0.319855731991379,0.0459198465730608,0.532350498900376,0.0974438756361223
0.782252930584969,0.113004407984076,0.381838145243302,0.614207828432846
0.304950780672823,0.123728369494258,0.401709374872696,0.115181869765287
0.711868362513995,0.109255948929835,0.370270008155493,0.5186655296266
0.361019610040363,0.115224830790298,0.451996810318063,0.132092735396671
0.834343251806498,0.228929952993989,0.0612249768167734,0.94515512887225
0.279780635052992,0.0626808959471916,0.60083193588992,0.06836930161633
0.398872761232216,0.0983738559028013,0.471072384513505,0.154422179886514
0.112655954730811,0.114632946355662,0.488225200335636,0.0199691001030654
0.935644800730239,0.130617582875594,0.403620358551125,0.8588454984164
0.825299161474414,0.0672665467330141,0.509744378486285,0.645936988680874
0.219770194463243,0.064468561411371,0.552850229803993,0.043940825751421
0.843765625,0.218828125,0.093840625,0.924625678623047
0.830242832526565,0.200868768842608,0.225448466050625,0.784382449614384
0.556657694539428,0.166247006970644,0.338159531062841,0.346617663765733
0.282712636258452,0.0643560189563866,0.565737171860239,0.070759629784958
0.540818957018697,0.0555708999947035,0.537121715334409,0.27201795845986
0.617604292494059,0.216957769289613,0.216243538656831,0.498470324434108
0.477544721179981,0.10361650791499,0.473554633927093,0.217608466553678
0.420230114564123,0.0935191792428674,0.513270941130689,0.161961938663342
0.601180272168045,0.0686832009774629,0.535275068960452,0.335522305834857
0.38288318204001,0.0709335678927632,0.484346974376867,0.142672334546492
0.236203776769771,0.128583610086033,0.471089234078784,0.0592683170831795
0.78659592020572,0.229699944218925,0.0556694755371367,0.876779186326835
0.609843712734713,0.0957723097062546,0.489247969531675,0.350440832039553
0.633198129128363,0.0710161727723171,0.5055527800867,0.377527028752287
0.746556799073511,0.193857362915724,0.243244240412564,0.64362893383752
0.567942722065217,0.104634265466859,0.448140731074036,0.313694344960732
0.595440039782868,0.177080315322387,0.320555087661412,0.39918684740598
0.841419727091473,0.204575815642531,0.199387564689419,0.823062332804572
0.726642324480204,0.149853241467781,0.406879920444298,0.522702979752205
0.865191996399435,0.124123491305936,0.385092148396582,0.743983119058782
0.851826989510426,0.197200301322578,0.275182380511356,0.784177961089433
0.862164990419149,0.26181012993753,0.118264642620087,0.939405233584654
0.647669426866248,0.189934290650014,0.297270130671332,0.475654328051751
0.405868884393461,0.186732145374149,0.35107645092407,0.205424244951012
0.208121593377064,0.230349825488325,0.395683411327377,0.0816356613997726
0.208860156505131,0.189577452561947,0.405932547837099,0.0721110553765718
0.0372955741863891,0.183053525425313,0.528239297755678,0.00705642984085533
0.357580863019876,0.141620745929206,0.460410675131839,0.126797028251363
0.02841748046875,0.35065087890625,0.53617919921875,0.0484493917644024
0.701274095754232,0.233503600564011,0.0776293656766415,0.732222914552484
0.148202916232417,0.232826415767381,0.446045663022121,0.0462906107443648
0.687650714691681,0.162387391988684,0.295207529100222,0.525904108171725
0.155317644967855,0.154445744783649,0.505461659809795,0.0248506894485627
0.075724047642062,0.270701573716749,0.59560570491964,0.0191928997340617
0.318250754465163,0.122361381681263,0.455062231141329,0.104406575147659
0.243283506739037,0.250834912000232,0.382590924359389,0.105040938135904
0.0677999960930648,0.186628038497481,0.550969184155539,0.00600703458113177
0.207491992461908,0.203315807626752,0.423252911383635,0.0667518322178872
0.0216818238963129,0.366294807445229,0.640968310856541,0.0529569344248035
0.210360744782923,0.191983278929492,0.492327948885237,0.046825530138172
0.0541501652848437,0.28438121749924,0.563352194902231,0.0227722280683323
0.572342270309507,0.242680652575464,0.219715221616626,0.449294967247885
0.222214384998515,0.175967598922082,0.414193225512395,0.0727641954180646
0.264915499317373,0.196633488118451,0.325539812549043,0.133721038291608
0.131351368590155,0.301867135746777,0.543086417501404,0.0397122254227875
0.0497590943682982,0.270145183546192,0.59880647919312,0.0173296151024438
0.148496656323969,0.286578836548328,0.511088793809712,0.0434320154700344
0.408664968298376,0.153721270686388,0.435006558686495,0.170798267162132
0.125177234668588,0.147033449903409,0.490452881369777,0.0211087466168872
0.0059587890625,0.4980970703125,0.6543314453125,0.131763397539482
0.3068017665281,0.204001341439199,0.34853097686843,0.14395205925384
0.0907933852365165,0.0924996978223813,0.492583962794148,0.0174903194444896
0.332730165420473,0.0196072558365498,0.580999049101943,0.106501002037743
0.149453967141339,0.0974030335653772,0.49762582732648,0.0265642230458241
0.804941693629124,0.227869023319431,0.107495794439232,0.850815986278928
0.347096801884357,0.105458664596297,0.480981187296381,0.115908963394138
0.356028603469893,0.152765849380217,0.405379226246237,0.14433486276744
0.771713331558513,0.181348735147438,0.318758242674204,0.630945310173623
0.836518180223582,0.176378942457486,0.282163398338524,0.7528151078412
0.352585243603587,0.119021262817085,0.427186049130559,0.134366008419681
0.804172460851073,0.23232964221812,0.181835059363102,0.782729679550193
0.876906033353936,0.113533003286952,0.420999914294481,0.749991361928889
0.829274184226777,0.0515365765940436,0.518402939215383,0.65332307918077
0.341911410306131,0.127633300788506,0.391714671453365,0.140824441216327
0.820296851522494,0.163859877949061,0.296185366346072,0.717441738924382
0.637337848959863,0.0713556207746267,0.490524297587574,0.385556242997124
0.821550583030191,0.172086848257509,0.285082155641046,0.726755140022227
0.878028699026048,0.20272890578793,0.224694244559699,0.863942000059777
0.0566542191843275,0.193496790047176,0.562917480858717,0.00494746717154147
0.411554421848426,0.0313025054121376,0.585944718852632,0.157596473089897
0.33496334761589,0.0675614716653637,0.52497947608697,0.103878062784564
0.211446513588079,0.0872782427315099,0.479311343469214,0.0502681727979527
0.786570918683629,0.0432694079222971,0.538911048484876,0.585488222438711
0.6143422200256,0.08306326699819,0.469329561132255,0.361772385263255
0.292367179965973,0.118289427291695,0.473293753219015,0.0853623590639437
0.887307531625357,0.125044874575022,0.378959734912153,0.784058658348144
0.52809769830535,0.0452656854703181,0.544691909536051,0.260134892277264
0.223095286498964,0.0946144394174218,0.44673388119638,0.0628361419506372
0.550521740523751,0.182109178119796,0.316450087338472,0.35311661821016
0.788741971945671,0.214334634192946,0.215894432342511,0.728752104938086
0.578638969325992,0.150523935492534,0.371171038976035,0.353478165284645
0.22083706311645,0.0579461360172354,0.516277806454541,0.0501610269454771
0.315521909405448,0.178202251012621,0.401257461578512,0.12248076931118
0.715169111771882,0.235032292079926,0.0724231375083327,0.756825194100785
0.829195291891638,0.214669035374659,0.140224745456625,0.855681864115967
0.398192839766704,0.25127399055213,0.280436336895853,0.250068803005406
0.220204185053613,0.191131730292026,0.365039035479217,0.093998740703102
0.725378039675915,0.208381959721069,0.163805871393603,0.678492028309506
0.394437516431587,0.24026254831618,0.267691601598382,0.253296153625926
0.0976576075377467,0.16001322021956,0.528637581706047,0.0100706755860494
0.422384600326419,0.239611139798164,0.27861132683754,0.26717873298234
0.653459999603942,0.20033716546821,0.238102211596336,0.523312953894349
0.564328031707187,0.240607459223976,0.0811893595953419,0.564792786916672
0.182450139705468,0.130243355675944,0.495730363445395,0.0342083943119124
0.713314145041581,0.225898853773577,0.0756870320067685,0.749200922299392
0.329316070180471,0.170420006773486,0.377662993876188,0.13994923097248
0.304366867180076,0.205345543243398,0.416099672635832,0.113366548232633
0.327025275060534,0.216294868023694,0.359637898610532,0.1518188606959
0.714648338468373,0.207673843839765,0.259406187206507,0.589327241820761
0.267017505091768,0.194234734966747,0.389983579655038,0.103225601011351
0.043064453125,0.863294921875,0.628943359375,0.524163941997528
0.434007697791935,0.292908067825437,0.222936902995408,0.328779676203942
0.742505216749741,0.186150985833452,0.21538783101931,0.657720117917026
0.490551051784723,0.27219968577988,0.250699565809175,0.351594821546212
0.698921974040568,0.257575413778241,0.19833275605987,0.622617160133915
0.473927373149159,0.228429197901019,0.204816035458669,0.361061601503135
0.162381168112159,0.184474459984899,0.43731472633183,0.0459692495301753
0.56462829669116,0.266016647043991,0.191045379186848,0.46895149283953
0.418485339918805,0.219112488686489,0.279915638863367,0.259633643442246
0.0332392896734178,0.247050721500645,0.463067943826447,0.030220737979314
0.811225539712237,0.219216638363304,0.188469451406941,0.785946012117563
0.1856283203125,0.1934400390625,0.3652978515625,0.0821611103394699
0.679084537068009,0.233494601325691,0.147940496301651,0.63440977162184
0.385798979483545,0.189784359643512,0.319396273031076,0.207809847855497
0.590762350984581,0.250509500892431,0.199037373395355,0.487437792002944
0.51025024858089,0.27937856665142,0.072357376985884,0.528473423725027
0.192080160982907,0.273351245852005,0.398549273075069,0.08463492873311
0.118689874265164,0.218057070433448,0.456230328702252,0.0346285184268853
0.560476293959772,0.205332473600232,0.31282003677177,0.368145761839787
0.0281628326166498,0.221833794323204,0.529733053363775,0.0116375888669049
0.21980458984375,0.09677001953125,0.54789677734375,0.0406093593482494
0.124696284102924,0.198249189564731,0.499197196828588,0.0225215594350643
0.104647915180431,0.217808982184789,0.451444462390127,0.0336952967039762
0.110946952644369,0.286898711051266,0.363607358933704,0.0840131212012317
0.765643639805913,0.25950080234839,0.0410366733690734,0.867892007067113
0.321188292531988,0.242847063067317,0.332027400199996,0.167177454332841
0.205064637343008,0.205568665349857,0.395584165530539,0.0767327105056467
0.612874769812657,0.232310546430747,0.178839440426217,0.525640451207003
0.331318116041875,0.221224989257609,0.324299852170329,0.173400677448226
0.386571706511863,0.266401514674775,0.158791388709477,0.337785763473772
0.269998779568951,0.232388653224065,0.298993433754472,0.156740030362066
0.245347233946127,0.248896783977203,0.367922223651465,0.112093035003707
0.172907535563424,0.177561047991551,0.487881100204625,0.0344040437383602
0.491847094992689,0.236192572719042,0.300895285550464,0.312019380405433
0.0663246624030045,0.260818655749519,0.500623026883471,0.0257924114616163
0.148597854531121,0.192383740196035,0.427511870192892,0.0465616622606644
0.311106953617828,0.164134054357662,0.448824987159601,0.102457456459329
0.144184584693767,0.241346696700982,0.413266072972775,0.0581788318168978
0.26290697257934,0.239646469807049,0.348617599458217,0.12736818812323
0.58414293898046,0.244572774966061,0.0150311540827155,0.660198412779804
0.16619670343119,0.177395043626082,0.465644423335664,0.0379993522941263
0.165301297060453,0.19141287762354,0.457111909037354,0.0413667315107233
0.249883986536922,0.164092689613542,0.391406589342762,0.092440636197803
0.122264235655778,0.14724605815653,0.468886292518797,0.0257559988294194
0.298149084515062,0.18530297327157,0.298697686594511,0.16473937497701
0.027007019349492,0.199097387081983,0.59646851343426,0.0035139304904561
0.754757701721787,0.231678763511777,0.162613364586234,0.72498579072267
0.353445550611615,0.180253472566605,0.401853077076375,0.145499569328222
0.0876407577363891,0.242475139673054,0.558925970348829,0.0155106871152224
0.111048617356031,0.151604936684204,0.453806673433022,0.0280760416634878
0.0815095964076434,0.138546396791917,0.529393385488309,0.00764064549716735
0.181801364731301,0.171788602533173,0.441907502307007,0.0490474074121064
0.214127578741122,0.125338665776507,0.444428044411973,0.0583205533397643
0.337710115127596,0.156246658427552,0.369060089813935,0.148282710978647
0.129169301030968,0.239534271486695,0.459728193680035,0.0394178011156238
0.0126158131033182,0.207459694734377,0.549470744681098,0.00740622601079685
0.248097244915395,0.122731450887399,0.491816110453019,0.0595683649856534
0.281315521645135,0.21695444101753,0.429987297397433,0.0979857964583156
0.130183589799702,0.171357415354252,0.467496125853062,0.0285773158268017
0.0531676720094508,0.216289041483428,0.455315803744406,0.0272902755229249
0.198819616184908,0.129649809257012,0.43431563193773,0.0560584990774296
0.634803298911974,0.231776974941869,0.0917168272307902,0.632561827224622
0.12267423837592,0.186361724157536,0.470564556309878,0.027491458008675
0.695433181369421,0.215131869940803,0.14435817918383,0.656055585624906
0.652063968668878,0.146337798282504,0.342312739877403,0.453406472832636
0.169532128444349,0.1732750295802,0.503404353498281,0.0299071613848586
0.319783076505876,0.176864947252692,0.424512593996554,0.116129085430972
0.221950897662692,0.115161158556808,0.471541910192393,0.0539635959947725
0.0591772733566133,0.172872866646772,0.527936780852797,0.0071250461959608
0.550826171875,0.230545703125,0.324286328125,0.355476454523163
0.109271190035862,0.155394430459796,0.526946185448851,0.0118577698793568
0.100526837085306,0.240105121476409,0.409104556472483,0.0514361404546312
0.307295117865621,0.163131977811112,0.513960311690518,0.0848304987539554
0.266664913602666,0.0507048165480199,0.622875226974382,0.0645071871274098
0.917891175718606,0.26668043012172,0.151249728147686,1.00577547778232
0.287547636191658,0.115107291934355,0.544906196853509,0.0699857589678966
0.732464110012253,0.11879150716813,0.500703253717756,0.503765469845746
0.711555496810725,0.122241717505919,0.492472230468172,0.476395473050543
0.664969011365612,0.140502763308664,0.48047966926893,0.417471007623632
0.447808573488089,0.0950639456800982,0.546940040319278,0.179398612379313
0.494493775838417,0.0626951659444089,0.578509093612622,0.222192364218343
0.458677772995788,0.146687763758148,0.49780810787837,0.194252542060112
0.740672834181011,0.090070522649336,0.551360123277084,0.509914667559002
0.597463839491854,0.0829127476586646,0.573336984764919,0.325985079892146
0.524838542597592,0.159812893379844,0.422551747705577,0.276745616226535
0.95336344285535,0.155202553511014,0.416558662202043,0.886481889648044
0.45985295947412,0.0257030136132234,0.612389070554992,0.197990856934975
0.32640391407758,0.212398410341144,0.390803972694278,0.136859787940931
0.339751933409274,0.180840877199173,0.387730498343706,0.142672578834592
0.433600655522943,0.144397086325288,0.486395181541145,0.17581887828377
0.109456154345139,0.123566075584716,0.56209774341788,0.00801993538902269
0.422836263518144,0.129086457073506,0.491906977859966,0.166123536789471
0.67813473341547,0.163507830874635,0.473557765779685,0.436618889366598
0.513323632230662,0.0357164163349333,0.630608986677904,0.245413709360117
0.301434255288984,0.0667278003984364,0.560622623909137,0.080595947926538
0.315710949426389,0.0368147556405311,0.64369582076216,0.0941872660277308
0.754247247606571,0.148609937077106,0.397156411102597,0.565753728238943
0.300372811878193,0.130530336082232,0.503684240079113,0.0824678575467742
0.848673229978843,0.212346687020585,0.292333790915743,0.770118396819124
0.643660713847858,0.0663261508684623,0.565732598840217,0.383181562548364
0.301759544955242,0.0871996553268039,0.587668075260959,0.0767932030396579
0.395263430512208,0.0694785318140762,0.593418015561898,0.138433973663788
0.394858222275733,0.244930567155165,0.371055921894913,0.196547337185101
0.513656394988903,0.224567729374769,0.399352771075592,0.28133451974031
0.390456914655864,0.169245163483918,0.489634489230812,0.14296501287777
0.841127951128781,0.223568619249761,0.290092342884839,0.760955023164294
0.543155954477117,0.247146991115636,0.365384490624496,0.329853948559982
0.223849884456687,0.267521291463785,0.366442244504317,0.108388682632644
0.410168911297619,0.0824844681963325,0.616471232107282,0.148107739003008
0.467494656401421,0.0838782737004875,0.56538213267406,0.195749619280831
0.334631550718411,0.267182141881643,0.387839017045729,0.153987961594829
0.565364302434027,0.136479699108005,0.50853306812942,0.29499352846486
0.544087968645071,0.131335419465556,0.519987714666503,0.270763480265742
0.620284516942156,0.29134930879209,0.195087104626026,0.535296877053613
0.269750160062362,0.193149972338029,0.500483848622441,0.0702085231944626
0.531681641358616,0.285680305534479,0.293467881613389,0.366869160299478
0.720562243128206,0.291154695775742,0.230563715322141,0.636207122125897
0.831920061457527,0.303683679959153,0.100088356627074,0.919779783232834
0.538586092084646,0.23012998740226,0.438352041432261,0.292913290200181
0.846715051395981,0.285518512743269,0.112566549769496,0.925790481131365
0.785855460813642,0.23335289343347,0.337017141994185,0.64919222395911
0.481350654933174,0.272993746811834,0.222028358429355,0.364267312231264
0.852683334351038,0.239357662288633,0.331572723040094,0.758733016690514
0.758252988194589,0.257917914659178,0.155898155030203,0.741483498117495
0.800024878868643,0.218533425291513,0.352252868080346,0.660484454339101
0.534784679403901,0.181037001569569,0.436075952778757,0.283362701316112
0.444829929298338,0.257631270342647,0.338218392035468,0.254450596272585
0.192842751715544,0.155052204199999,0.547988478297787,0.0294495290273486
0.564090067663789,0.181582508327067,0.484240555006266,0.300381554481138
0.533467712379625,0.195835907571556,0.462222765905059,0.275579952217964
0.303504991948615,0.128088636447489,0.529241053448121,0.0799536897196238
0.720098057214086,0.292714623084798,0.259951999198935,0.615189727523389
0.57294317829568,0.302736676951551,0.217437584315843,0.467624522777145
0.473212108881252,0.253198680777951,0.315866680061526,0.289982658288094
0.297509424466329,0.300233848566611,0.356694876472273,0.156433561539617
0.158012718637791,0.319667331674381,0.339759788372302,0.116392573952059
0.244501599237323,0.300772862252819,0.278848663698137,0.174997030120805
0.736154493902624,0.341741701137579,0.0752026149260421,0.814766178617219
0.505228261485696,0.242107415790856,0.258778613060713,0.352699859778974
0.466497279300365,0.298594081975828,0.23360262926696,0.349928990954461
0.439437856900008,0.364142994539803,0.115565624692848,0.452556104643372
0.737426691992947,0.377131189843124,0.0932236783966942,0.813505965878277
0.525147964260943,0.289902119666993,0.313735781636834,0.349589354707488
0.434448052137735,0.32227990206214,0.071812076422977,0.475786672186399
0.456771483830026,0.320996852444787,0.0276196815597262,0.542512988943192
0.589150956143647,0.340645527847389,0.0752067610191463,0.628316363281528
0.713727837788573,0.311553226484416,0.173562115195234,0.678763535281013
0.609209792246247,0.302769093411517,0.0762287746401295,0.636314057718928
0.453864783707648,0.358041288905016,0.252909228919523,0.347675361904132
0.723465653004343,0.250598862638314,0.249857598051513,0.615726421955884
0.826151052219538,0.329465871336017,0.029547796272002,0.995169531089522
0.546714043284451,0.319919771627525,0.104503145175804,0.544881659890536
0.350407089986608,0.231153436931306,0.379537087342316,0.159573548235585
0.410731873297701,0.324511845584941,0.239248472597551,0.309143045029138
0.416762584048673,0.31824630388685,0.0645759677129511,0.468035935619853
0.769453743491493,0.296749317598019,0.155423907361283,0.769010089476937
0.361606639916531,0.314185362552807,0.155458768340354,0.33792041080986
0.422041929952256,0.296892165341777,0.127810949089111,0.401274526186447
0.477911169451795,0.276690856489567,0.207650004175405,0.373247325191086
0.462951116054812,0.276581163969316,0.28476801918235,0.305472284974539
0.245920270057915,0.25379840821256,0.376890007180332,0.109349709629588
0.329311003801227,0.285443943502009,0.203510905539989,0.267944619723633
0.882066427390867,0.223920725498377,0.0867845452432544,0.996449987855984
0.351993490745679,0.186888274008618,0.209938499276829,0.258026292668507
0.357775764936261,0.202475058718379,0.281144379771268,0.213008991592865
0.688835675353298,0.238034235752153,0.101538927367999,0.69213859942719
0.556036407346613,0.227456252502946,0.16436815703962,0.474138000557049
0.666718570140893,0.204761919367296,0.115615417903908,0.644233067134805
0.262012802566268,0.219694365464419,0.184492222390329,0.232827845695559
0.820873494950349,0.199194757239485,0.0121733743434141,0.974525046130429
0.649943238885701,0.219906470289055,0.200644437462834,0.550199528763525
0.490377413567868,0.194270154689611,0.281539131514921,0.316309937369745
0.396216815803872,0.232571443220628,0.201752999219277,0.301284901908318
0.466974952968457,0.233663708831356,0.0306566778260841,0.523871818377862
0.0644432610705495,0.115168222776055,0.419096570712328,0.0345290061213134
0.648277336182239,0.197860332429049,0.13639288536573,0.600546239244918
0.929194827432359,0.19879005327081,0.157216134660089,1.00806515945005
0.6673552180022,0.225799725796282,0.0195210209652781,0.750539111962542
0.438868138220075,0.259252232059065,0.12989129120147,0.40239644739084
0.688687323987757,0.146397731509855,0.284101392610172,0.533701851901457
0.418411417801783,0.212510000271926,0.301768539643456,0.245063133564623
0.904383342514932,0.208937484943867,0.102838044674695,1.01646861632085
0.84386669729123,0.197219048308989,0.149846489731997,0.868291203255726
0.761911745577652,0.13608525680738,0.348472459739442,0.598976232038316
0.98144716796875,0.05380556640625,0.52055576171875,0.91899258081439
0.518308919805153,0.217808631864729,0.16282384134624,0.435622778049194
0.570180408890534,0.167173575171992,0.287397236308289,0.390253765204468
0.303432350709493,0.201736186208861,0.28898036561476,0.175309820075263
0.316189409491216,0.186352407509404,0.40658816204726,0.121461062847106
0.797410137159387,0.189390728209691,0.191920233512911,0.75788685846423
0.888894189961623,0.204043169352031,0.11083647315903,0.981081713081983
0.294169191916427,0.165871643953752,0.323232542207616,0.147054929611507
0.117559060831735,0.138991310338551,0.609919377648794,0.00776600064150798
0.659194580106049,0.0680205550626423,0.658707433576367,0.40451342288544
0.701898208724646,0.160052766916552,0.53343547323684,0.456280152571601
0.680853749471356,0.118668866830183,0.577068698132665,0.424591465048562
0.286703107701948,0.0699825055002294,0.681062042665263,0.0773699898009284
0.290803927724291,0.0925370684323559,0.637295479576906,0.0716623713862835
0.516649271911194,0.156277081316585,0.531358170729019,0.241804157953548
0.195567653777409,0.0755893724901821,0.662260048206414,0.0354376905162295
0.344774358733177,0.121521560353906,0.585805689752394,0.0996258280910422
0.632204457237067,0.118463976092265,0.609848404420328,0.363210999711572
0.460925615404847,0.155655381013947,0.574128745300295,0.186611298786475
0.869997158286917,0.10483845597585,0.636818524963639,0.708187163888756
0.172960788701577,0.0627582370316698,0.664525057376819,0.0305675600821143
0.280541992132698,0.0321689200534698,0.683289337513657,0.0813359453677197
0.602214690276672,0.159760936002656,0.508675806978345,0.336160254591185
0.947777726258635,0.158110081369832,0.499530569252542,0.852738036378411
0.439134417538122,0.147388687392514,0.57872524123736,0.167898179676051
0.496337726812256,0.0640609523244682,0.645958623298739,0.225349809465805
0.275416656149591,0.151261814756033,0.568903079069672,0.0613231820785928
0.512728832898904,0.16268792539357,0.498015359643646,0.243942734939217
0.397471474819755,0.104488589442648,0.598873240716265,0.136297614672462
0.7325984937042,0.11784451386877,0.583936584620627,0.494393542234772
0.532233621080675,0.0797384949480371,0.617358900367831,0.256171390556915
0.806848247545064,0.183044476261558,0.447145131124805,0.628710637589322
0.383105263035518,0.157372720050963,0.586842531549823,0.125158257161369
0.134647809100915,0.132346133181686,0.646420668269856,0.0131646240695142
0.214816219084518,0.122953231786979,0.609149544898382,0.0345313413150524
0.763626178875755,0.0655150434744935,0.640119258650427,0.545364933995108
0.508594009154221,0.126179976302052,0.570920623162384,0.230088828810587
0.669202368164976,0.0851731711397955,0.624178229851526,0.412170235429332
0.388169121735005,0.278388639548276,0.217125915216479,0.294029100119266
0.313576028294768,0.168807165953532,0.417007267984209,0.114731556604313
0.490249002382137,0.267971302781275,0.188535949540612,0.397508463349735
0.176187772071157,0.233094624287401,0.416170882212468,0.0638306183208834
0.432411752279786,0.22888365631448,0.237851352517524,0.300987165606105
0.620742539414778,0.207859914082994,0.227981455134101,0.491979513537713
0.161034077519987,0.191503140452304,0.345412739038797,0.0846371763916912
0.01474697265625,0.08309951171875,0.58500244140625,0.00369524717356681
0.195152414472203,0.141375595447278,0.514675209268282,0.0345575321822443
0.235193572381394,0.14509690277815,0.490762742175873,0.0540631590615032
0.791645458094776,0.180350126732886,0.349253379157186,0.644605804427851
0.886506150772624,0.210426449321691,0.201694427410574,0.897210000231188
0.532356819414707,0.252932293588509,0.222189807421248,0.407856618564015
0.748564219048672,0.186769092294953,0.351319969125331,0.580363642646948
0.0985010320888177,0.129314829530493,0.545079365310504,0.00782284037989273
0.871178270944719,0.182836138790776,0.324693232297383,0.785209634638912
0.107858774321917,0.179145895807243,0.48628004337177,0.0205266184329891
0.371203137636858,0.234668465315134,0.288633712010909,0.222330664754465
0.289006065126978,0.210695893623138,0.420816601402856,0.104188741480558
0.174367937204724,0.187733198427558,0.4556985621241,0.0439434644979239
0.137315434650478,0.163325447505368,0.504951254500995,0.0210949430364813
0.428391656020595,0.211566133793872,0.269156817289976,0.273294834638733
0.314681773856727,0.243836979605979,0.357051282873176,0.150849909853475
0.64847265625,0.27351015625,0.07040546875,0.680803755880737
0.0782171875,0.2344515625,0.2656984375,0.123003529519043
0.178127850335307,0.201217353842377,0.422754898074029,0.0571052506131695
0.787289177654239,0.232395449235,0.236922342367048,0.713849203103803
0.213544108193809,0.177034712146483,0.447530460406549,0.0583069700602726
0.197904122770914,0.233831133482304,0.380374952582156,0.0852312375073342
0.852925919095937,0.231499331244547,0.225496123581044,0.825832349390916
0.532693182775378,0.264133614444733,0.33129867952168,0.340309989870746
0.485742618322011,0.261368608751032,0.32116395366609,0.30018121408029
0.344402091879746,0.21179929778185,0.465238110999382,0.122164581267342
0.532569157913327,0.217775195044279,0.377132213309407,0.30829478979425
0.697905336891308,0.242610184823925,0.320286554690252,0.534866000564542
0.718096701580472,0.272590728239488,0.224417148946637,0.632119849946376
0.434529499400554,0.30907461416712,0.293158084306121,0.286382302267713
0.729642309564352,0.239857669755816,0.0560781834363937,0.795321858075456
0.206923882640882,0.26860333337624,0.364746586223587,0.103185046297661
0.2910865234375,0.3848271484375,0.2754630859375,0.233430713921928
0.222005157559353,0.254284698615472,0.372979855650509,0.101465118807485
0.688285371734777,0.304609578181159,0.222249392749456,0.603131465147127
0.552576511851183,0.279281794749634,0.236120659689012,0.424893803392388
0.158726435742146,0.239763149366983,0.579135224499687,0.0269585200871744
0.844044159451127,0.294402281339467,0.217360283903778,0.832921110353521
0.0469703125,0.2656984375,0.6094140625,0.016176713269043
0.742041991089899,0.252827291323241,0.231046219304966,0.655860687031766
0.589538117347391,0.323391937570584,0.333445322016486,0.41776690388545
0.329796521508607,0.247247750266148,0.343426756340718,0.167209863607656
0.587076514505366,0.279866106221552,0.167618517845572,0.516850516793086
0.547977684076512,0.243991611253005,0.333733460619585,0.350013006405885
0.624681117429999,0.30693438631461,0.0110427509075748,0.728383362020544
0.403614949524507,0.258185205329244,0.190391852869675,0.321334707462454
0.596523444234878,0.272820983231069,0.133018817229705,0.55666165151576
0.517513682612761,0.310787104315929,0.136783427836736,0.48140741846196
0.182013029697087,0.252572535404802,0.428951287368169,0.0650381990181597
0.305259503481636,0.239970300028252,0.499636974599119,0.0958345920123134
0.0380845956593752,0.140603302276134,0.654199285230041,0.00300328718005927
0.685206736993015,0.260916572998534,0.313210280069287,0.526165029284681
0.425826271964669,0.271131497567696,0.333095587214388,0.245111872796227
0.822744801209275,0.24154307593369,0.10401929782295,0.884752173046448
0.585082527278114,0.152838302593194,0.463580760042306,0.326891643133567
0.482877980086207,0.134872546087205,0.464380396035314,0.223517432610129
0.236750581087066,0.202751304438442,0.505103476824767,0.0556888790993131
0.0459198067673249,0.105294812999796,0.57195061975586,0.00224465798430845
0.918539957718588,0.182491449800378,0.366661177989197,0.845755785626078
0.29960899267236,0.255081323357861,0.379872773338715,0.13438871583319
0.208587677004077,0.0814459032948079,0.573259039544719,0.0360372195847444
0.223320536634799,0.194744900301024,0.354167158909654,0.100803619752287
0.308336570738655,0.191763109441559,0.427524794932356,0.109898362472739
0.348454625501665,0.0637484283196103,0.56972151397398,0.108144437403163
0.63770297039359,0.115843251149492,0.521756737873379,0.376008456808434
0.220793177885036,0.184924979203086,0.47966549114539,0.052900684505149
0.399646867880225,0.17635860914886,0.373239793437719,0.189380946673068
0.708122544195673,0.169929039357301,0.401708109313122,0.50006560625544
0.932646093151574,0.226997682111588,0.0574185818219104,1.11673316152674
0.432784241535294,0.114978728759289,0.514497921317586,0.170171814702677
0.218711792170654,0.17550900897051,0.54120141713033,0.0403303035698094
0.576953827175446,0.130707756365752,0.451180721471259,0.321392012515441
0.346391255683931,0.0957545202454311,0.55048506498861,0.104512817941149
0.571575022269609,0.154974773626505,0.463786900328672,0.312081757113564
0.79651346372962,0.25229032779485,0.218562061573565,0.745646908666063
0.247646707013857,0.122450620891959,0.495791567189694,0.0585374672498337
0.400892352717088,0.191223783101804,0.412222161656867,0.175445529832097
0.403938554594724,0.162452060883557,0.456848017169881,0.160826627838505
0.859168338231184,0.235927402874028,0.237358487377623,0.828231066424264
0.664179011422247,0.096020754927774,0.529652388719704,0.409065978938465
0.410481152782354,0.168324740789862,0.469874677216494,0.162500798192914
0.62312612886675,0.159782995622731,0.415468002582826,0.386242029731038
0.732816805842195,0.243451111512209,0.0577860663241123,0.798649544919617
0.130825645873796,0.24802799205223,0.465672001616781,0.0398798690823467
0.737698905912349,0.329224966636839,0.00466333137544791,0.891069578437228
0.408764820346945,0.234212579044505,0.270301223942854,0.261040082116251
0.209972507255349,0.271218560496786,0.370734292557719,0.102171178595635
0.4745066218311,0.270659976486272,0.105179743260231,0.4595052527871
0.369087886434699,0.283446337953511,0.28824469190377,0.2327488187252
0.415379774958355,0.24348208591291,0.247580587925594,0.283425555058709
0.675135591962197,0.284146029061006,0.0197576281752605,0.773659219771271
0.143547526395229,0.269816437843416,0.335881266614589,0.0995040536099425
0.564736615423688,0.292893253610557,0.210010431215767,0.461411458634915
0.436670517630558,0.245047796261266,0.164782541464377,0.365830185623461
0.239749191483481,0.274728944548195,0.183500098936732,0.235618779412757
0.267241745430231,0.334454265959561,0.459015769463778,0.113972660584545
0.323003804909813,0.299672373610249,0.218897233701517,0.256585815066315
0.302003042638907,0.271826586530968,0.319527826150522,0.170028544425082
0.449636009000712,0.300954003082396,0.23246297773589,0.337084033893063
0.216014743004081,0.322785833911996,0.43343935132493,0.0957545953808382
0.158383469803597,0.318301574700329,0.377517670247632,0.0977721539114699
0.407025768182794,0.268234675342676,0.270945893087514,0.266869167110041
0.162042102788792,0.217735830893076,0.447652607589984,0.0466877042876542
0.141325852777618,0.201435752929868,0.552666529271602,0.0184082546859198
0.433269823722195,0.291033568728961,0.184856483015369,0.357781829302305
0.227490495065028,0.261941538849766,0.352807199229105,0.114976515291038
0.153827673529485,0.277735479496677,0.254427443122532,0.153724747110735
0.271991626907111,0.267318749803166,0.361419292554759,0.131690765509663
0.338863078306668,0.269206305487719,0.12443210462305,0.338255493632118
0.41544627195333,0.262983218116921,0.179567741013285,0.340456984897787
0.303042153607309,0.328286129926145,0.268762376061082,0.219722047881783
0.41412109375,0.25788671875,0.30475703125,0.248614703717651
0.399706403518939,0.281276090622781,0.21082192426441,0.308101333217821
