"a","b","sig0","l2"
0.0706103252676815,0.117532826488234,0.0453710760778395,0.00513829173284789
0.107825064633917,0.104346059803578,0.138919595334452,0.00884267903780085
0.00841231305920107,0.00654534855637953,0.370667893866987,0.0915372809897829
0.102375914248461,0.117634620180987,0.00315164545838938,0.0151180869551668
0.072084996496797,0.117506840912775,0.0217196345750682,0.00840490474691949
0.0756776449196103,0.124950469442225,0.0671791514582637,0.00339014371441101
0.045660919656979,0.139029243161137,0.000863902791103492,0.0100741725431543
0.0798029425359468,0.124421262914054,0.00298591431275927,0.0121347629561631
0.0789192863389429,0.130076562295996,1e-04,0.0124715811917767
0.0605637521344364,0.123965534303522,0.0378347768769152,0.00505576200064973
0.142189372007334,0.160346107461126,1e-04,0.0229804292802197
0.0864939429945498,0.117743652606136,0.024926279062967,0.0093229741697193
0.0585290128974476,0.0885932596745573,0.0986371100461404,0.00345841499681656
0.136435005128604,0.106372553328762,0.0423766170996219,0.0157796697432365
0.0821571047242377,0.111007938249489,0.0271355394022489,0.00887013283596174
0.656911613830202,0.00116599054135866,0.357033650225647,0.478359351085871
0.0467350773952896,0.112457520499456,0.129777837914507,0.00192537062332685
0.105567233172854,0.137478891263998,0.0331006649372586,0.0101922837504962
0.0979472968113133,0.112549186067713,0.00570566128030119,0.0142618046440951
0.0989073509302531,0.113826852333744,0.0392848948961316,0.00911958065875848
0.0964097495389047,0.122058722809312,0.0579180452064498,0.00650303518029955
0.0646088923582474,0.122140644846383,0.0370825680322656,0.00547533524218227
0.0649219745925739,0.124663371271143,0.0597665546914223,0.0030734866116095
0.0951955346124155,0.123206436977095,0.0270482966997087,0.00985443250681667
0.0674795122736657,0.132207409525582,0.0415336958545562,0.00488374702700138
0.109030025045149,0.111074506868115,0.018707254013875,0.0136909395615243
0.121190824156739,0.129716885091077,0.0547405307848164,0.0104699284162556
0.0845037375597175,0.118982158264003,0.0246461154696726,0.0090906149930279
0.0810560368684607,0.115115697291958,1e-04,0.0132059574219791
0.894447976030346,0.0487214399524013,0.0316511608507968,0.760273642600368
1e-04,0.0891616656450947,0.106199433387924,0.00351697921431245
0.875615544382654,0.0304067551672856,0.0227407906735566,0.733045313640283
1e-04,0.0735383600576497,0.127131990184883,0.00604730447521922
0.0957143792891206,0.0905359951766732,0.0109185644009256,0.0147005695869085
0.0117539890170953,0.099740453390895,0.0885986741303968,0.00208373824154386
0.000955680089599342,0.0901160928370563,0.089558833008041,0.00344099468105286
0.0416729140820735,0.0993481202995832,0.057980704102921,0.00355445347403091
0.0621297077083307,0.0885189829714175,0.0194119202584763,0.0101770518281461
1e-04,0.0847416707207052,0.119234060359629,0.00431744203265684
0.0183918038933945,0.0922141591537653,0.103145271388872,0.00242812953434073
0.0148862002768412,0.0860211058660573,0.0835278576780237,0.00341347942667059
0.00925125205086722,0.0912071203897498,0.0788633922477939,0.00325801182938763
0.0083716680245854,0.0837674351128677,0.110140690259012,0.00373271969675351
0.715772395458078,0.0379032595554691,0.0197360482344979,0.487149824734724
0.0164277137687528,0.0975350781034148,0.110785713183019,0.00210380815409234
0.0270796646994723,0.0790460907365941,0.0629724084646864,0.00509494994766505
0.0701268442425096,0.0932460868055266,0.0556805927106352,0.00576030189033958
0.0143782661772029,0.0729588512990101,0.0779369937681741,0.00522533043076415
0.0926605749469395,0.0964349558603407,0.0322029140891826,0.0104207055815702
0.0145403452057491,0.102186054819216,0.124750339844845,0.00228147469892803
0.00861520797692398,0.0708618345978732,0.146541884302065,0.0074035422394289
0.00179803726661899,0.0742033505453451,0.119889391030417,0.00552013765703458
0.997431294020695,0.0393858242894601,1e-04,0.956026531004467
0.0155705294916582,0.120835253505961,0.107074764060923,0.000625549413849624
0.0528185292704247,0.110212418324478,0.0465084018956562,0.00426933636789774
0.0159871522682068,0.101413092589799,0.120397040315384,0.00210134857866524
0.025793645603608,0.11230474293294,0.0889640288534164,0.000906513340466819
0.0406240726586302,0.103630790664843,0.0484210046406745,0.00409598306979765
0.0446802974951318,0.0868077403630672,0.0787568834419865,0.00349619762092578
0.0123462471465972,0.094476975994895,0.124841509094445,0.00300110127846778
1e-04,0.0900845262512596,0.00568974512363046,0.012279988694407
0.764065586478592,1e-04,0.185899209023047,0.565802969362944
0.00122064590358673,0.143459262914269,0.109666218774246,0.000933653507508366
0.00657400967062149,0.119644664047246,0.123864528526831,0.00153263244646952
0.0139059029459299,0.129850932005566,0.110360874184971,0.000469371255018267
0.994219132849625,0.00809089131156643,0.0697811298957254,0.948031729218638
0.00293278463398101,0.111251665926889,0.119683162027803,0.00194652772706241
0.0593412899446314,0.211301399639509,0.0740778338647094,0.00661675958331344
1,1e-04,0.112599669903524,0.960630761681678
1e-04,0.114776947487596,0.116692659126045,0.00180885724674179
0.880368658244445,1e-04,0.141756300918652,0.744442453590867
0.989382809276355,1e-04,0.0992220713257936,0.939987989908013
0.000115186582302631,0.129039120382493,0.121216214247683,0.00146337070200364
0.985439082805713,1e-04,0.10580909639474,0.932469596553545
1,0.0166598012176155,0.0205564840016575,0.962424076869857
1e-04,0.115708299993249,0.121061148111556,0.00192766864899488
1e-04,0.11833415226008,0.122629573538646,0.00187551655683037
1,1e-04,0.16346595956823,0.964499938023916
0.00119337846508637,0.0913847040127867,0.0377041167575174,0.00707404551714113
0.00210999506846237,0.0946420121415575,0.101018695804477,0.00283623717878987
1,0.0106610441624022,0.0127499122402946,0.965241143311236
0.947433092364331,0.00955710110609991,0.0161104366731588,0.865736287672191
0.833380650979862,0.0151172514026357,0.0216986344410526,0.667147275114456
0.884817930219908,1e-04,0.153053643820084,0.753100392948036
1e-04,0.113347437295626,0.120600519253933,0.00202875049224224
0.000533941385615743,0.112996768060995,0.117068051910665,0.00188874154144319
0.0082501002747278,0.119475487381181,0.112529909700651,0.00105131239340594
1e-04,0.115359810860891,0.0888144172741769,0.00162626618172729
1,1e-04,0.067316434352725,0.96154022546342
0.00149929396206629,0.12015003034981,0.114254105746498,0.00140949107040654
0.00872060537854134,0.122387827754918,0.0908112721919666,0.000847433965376328
1e-04,0.109562691295723,0.123958489667363,0.00239444898830062
0.0233530560311301,0.120590699092137,0.0713506450835197,0.0012416883629877
0.0122090376603971,0.134371286316723,0.063345386831517,0.00169176142522861
1,0.0451609357672208,0.000134924961530215,0.959867481316988
0.75920848661602,0.0207251509994688,0.286579768644041,0.58078351662419
0.0385626006013251,0.103654743545512,0.0834562496640598,0.00166799147097827
0.0114565397736323,0.15294430898004,0.107431276550698,0.000566638923310593
0.0323866744173228,0.107556561115069,0.0702262176773865,0.00194475105524892
0.00345303187642637,0.116982196323405,0.0841622619006485,0.00148539475075195
0.0467682877377865,0.129347212847243,1e-04,0.0103746673477791
0.034565999892186,0.138775635346424,0.0783241967072406,0.000492187872206767
0.624643537387636,0.000102096725220715,0.296907374540228,0.411944874045886
0.0509303073092149,0.129951377372334,0.0745386276354962,0.00118733406345534
0.0496074417060513,0.114872666631489,0.0369700945036511,0.00498860363934715
0.569713561367323,0.00685178454932982,0.27703269460047,0.340359750559001
0.0161274689802475,0.125586902426705,0.0231555279624893,0.00630525738127506
1e-04,0.133728436054809,0.0892787597327862,0.00104828750718595
0.0424221895578224,0.134171697599818,0.0162160248431293,0.00720803439536556
0.137508774075181,0.00361755914539947,0.342672522745078,0.0890482599720672
0.0378912414274536,0.116407009284997,0.0798024079619318,0.00102684362628082
0.0117349715294175,0.128755854823,0.0841899984781899,0.000709998213912274
0.040095199392022,0.114434110929614,0.00350710540908922,0.0100664064412566
0.0538459983515122,0.12556472874139,1e-04,0.01075701869369
0.0132371039763954,0.117859294321471,0.0827774001537847,0.00106782347650429
0.000189445885355396,0.124668259969363,0.0435095460453211,0.00431490277699489
0.737759338992355,0.0243662980831129,0.227605362855132,0.530577563579289
0.0120346735418573,0.116751653681168,0.103094733100336,0.000872815934270326
0.453408871549304,1e-04,0.318768072171833,0.246706551908435
0.0070447165335585,0.117983685321073,0.104185309685852,0.0010291799682327
0.0225284303338662,0.124986417210432,0.0430372430747858,0.00352598769797615
0.240907363703062,0.018536026284617,0.304008370285373,0.100854828121401
0.00596592631417484,0.114578955500467,0.104600156008789,0.00124502763668813
0.0745027811838202,0.155171774723002,0.0167383471527134,0.00914318311620257
0.0373015124922861,0.135435272404168,0.0409439905983199,0.00356176106915048
0.0261829285676339,0.120351357665046,0.0612583372223671,0.00190155561470254
0.0332539661641199,0.13763381092913,0.0588532934571944,0.0017092386058361
0.0544274798821053,0.131086717558055,0.00077713935418798,0.0105213244520188
0.976787338425746,0.000113957168223524,0.377252138792157,0.992843117647267
0.0654063615120769,0.157400783514306,0.0265659248088995,0.00694896110160782
0.0433762739841481,0.146973813039062,0.0340407581752584,0.00457818035609753
0.0333033155529759,0.137638203204004,0.0900207010218938,0.000116076385842539
0.0024947123950629,0.115389587467494,0.0814277868597065,0.00170714035217893
0.0287852258505769,0.133844270614186,0.0228275252090955,0.00599495954585827
0.0133593846727735,0.125114110232477,0.0946436559218106,0.000527190214523521
0.0324372748655635,0.110013485017222,0.0417521281986651,0.00429794595896743
0.0153950877352513,0.130169702086291,0.0799962033178892,0.000710090101032504
0.69191809413511,0.00141221877106071,0.342545019846144,0.516170223101583
0.0256572300732456,0.153927430817412,0.0545955532129352,0.00227439676784992
0.0111094943604064,0.110818224286794,0.0325281243454819,0.0057608812414341
0.605022708462458,0.00740780768228249,0.347607252071538,0.409541155989538
1e-04,0.115824335657174,0.0802356486672928,0.0018691023300197
0.0380316899283798,0.14715233407286,0.0635418964581028,0.00144485723966713
0.0225463674504774,0.154582448573439,0.0957216295593823,0.000286508898207447
0.029565487190158,0.148013643710279,0.0690125821929269,0.00102462734924732
0.801075558711131,0.00439830203472244,0.308008568374732,0.656212902250054
0.0319058480789947,0.121507544589957,0.053505931586871,0.00250730156159735
0.031847443863992,0.127165843080479,0.0986465443312945,0.000169960474912653
0.0564128758729186,0.153830224911765,1e-04,0.0108689251329882
0.0322302255475308,0.137945231623676,0.0679065685416765,0.00103918432184331
0.999145152957278,1e-04,0.0795406993220051,0.959232920484818
0.00130965936392059,0.119223690064124,0.136490882920338,0.00258637523667165
0.00392222867568132,0.0856099635106719,0.120562993236732,0.0040611629174078
0.789267583125545,1e-04,0.14819918280709,0.598382434008577
0.00319467515460726,0.0839460864939116,0.111138535524579,0.00398463363304737
0.00356608349872217,0.0999628388085131,0.115487645520902,0.00254159338165073
0.0112668423484699,0.109884135690217,0.131702784423643,0.00226296301893431
1,1e-04,0.102461338962469,0.960478068189488
0.0135106762971551,0.0958770218716335,0.137611856709629,0.00363338676023914
0.029204144749641,0.159997452869418,0.121667578014372,0.000870015443852998
0.633073979286631,0.0108150957167317,0.0900559702840651,0.38048584771428
1e-04,0.107243853217462,0.126912395503249,0.00269125218376245
0.965530508621875,1e-04,0.0823856268763085,0.895099608702844
0.11168918573968,1e-04,0.209096078531123,0.0381470874176809
0.0225386337524454,0.0765434940704783,0.0739586932810864,0.00476054978669211
0.00361716796302451,0.0837950591932347,0.120685160272152,0.00428292505286785
0.00207843988778655,0.103108999677035,0.154264024510462,0.00508514378000098
0.000879439738499615,0.0953688609697417,0.12949805259421,0.00371008070793272
0.108781725273163,0.00784893051065949,0.17033387664454,0.028617319608042
0.000256341956296166,0.0992250786479962,0.116457731761895,0.00281813633982937
0.0126839497477851,0.106417067298071,0.110982391129042,0.00154827188011078
0.997952894119881,0.00601972277323637,1e-04,0.964863529920813
0.000404237687355037,0.099650607778774,0.131691993198474,0.00350836503238105
0.0264264482743365,0.0640101912092351,0.0589673866659045,0.0074708966690184
0.000667363451362094,0.0595682874494108,0.0481715576952806,0.0100158513824487
1e-04,0.0819021296207273,0.129693104861787,0.00515105301893986
0.000216090803173257,0.0740251342097376,0.124251637115374,0.00582790606586376
0.0048441906934798,0.0934542578760776,0.117160106120505,0.00309379009379968
0.0823217221661416,1e-04,0.211525302130474,0.0347474656257244
0.815610919784783,0.00769975793717875,1e-04,0.644667881334973
0.323738845615556,0.119139526508978,0.00402840749651304,0.0959282153454847
0.341955468984723,0.104615066775663,0.073473190614919,0.0992719797449215
0.180148689983583,0.10582975470238,1e-04,0.0336922447674858
0.199339069366881,0.100341215605124,0.102526068411545,0.0302549206153405
0.131545825167241,0.07767344255481,0.221342662573987,0.0289201961324087
0.881212144134785,0.017877993993451,0.327237226622666,0.791112655836763
0.46050364057547,0.0870921032438753,0.044325830094502,0.191232243282557
0.146012559570119,0.0913258230506004,0.163707289664429,0.0198867082360995
0.13815890306412,0.0647835104121594,0.308591885124838,0.0608664431578849
0.662132523801923,0.0857661812930113,0.00860612976943942,0.410885674255452
0.378834981920758,0.0926533012526679,0.16063380339995,0.12760401260867
0.275986301889623,0.0986823798182375,0.0212478375270836,0.0684183095489776
0.37303517034455,0.0870834381862774,0.143982953218002,0.122407790781277
0.0599438652405322,0.0387581790396052,0.37136524087304,0.0847856353310028
0.204146867824737,0.0527218294582835,0.32129129146269,0.0869144463035009
0.121670733263803,0.0919088089545271,0.227410382067274,0.0269496914518243
0.446568564531888,0.101823982565352,0.100806989084064,0.17498742849471
0.583172801659963,0.0806012342830116,0.15093441219089,0.312122676210266
0.343712106523133,0.108735554193089,0.0512132933212372,0.101772894099355
0.20854522236591,0.101733117725776,0.160634180803504,0.0370192545903936
0.651516098410775,0.0258875311906006,0.327048519178489,0.450854946182673
0.220101990951392,0.0289911298621482,0.39343783743909,0.134567500653895
0.278074942261872,0.0917215703189768,0.115760334812366,0.0641203719040944
0.421013824229813,0.0486375389320109,0.275105911979885,0.19190099044153
0.237699170256595,0.0111277933480517,0.396532685063012,0.1476786242833
0.143059140424522,0.110493516676432,0.0822032583774002,0.0139697258040374
0.323236318841913,0.124951320160462,0.0502399778536443,0.088690061256875
0.0283526946904388,0.108279300842786,0.144799637824163,0.00301592391898161
0.473970824008969,0.0975387038383561,0.0521448340695532,0.201203171149161
0.181561845769216,0.115796139226547,1e-04,0.0335368299693124
0.136210668713552,0.140073555091411,0.0782239828809275,0.0117549064805014
0.120749389762657,0.146266391524047,0.12190217669892,0.00875442474917796
0.961097087818078,1e-04,0.339730658249899,0.943984585448236
0.101793185445523,0.127928358052004,0.148170430644406,0.00762037640420341
0.103880452323966,0.129276061743937,0.115481761937217,0.00581300903999426
0.101159579565316,0.108765090819654,0.107426829853764,0.00609446311709376
0.137208553027966,0.134873348878733,0.0790837501487972,0.0119574459019074
0.111525554426991,0.130204605992507,0.0967959824469101,0.00675263149687077
0.981801072749905,0.050137566803607,0.129290805070484,0.914858490249524
0.0188284224442725,0.111312134538162,0.15584228490201,0.00406615855291741
0.0516153051231782,0.119066114257743,0.17214310638766,0.00611007678709919
0.116692631216519,0.140294919635397,0.101761153331586,0.00751880094589201
0.0545360485205391,0.116347818356684,0.153367854829589,0.00400957130260274
0.0444366351494897,0.0981108657781471,0.225375907924352,0.0176822342881515
0.0685067550961462,0.117513361823712,0.190205645037718,0.0101254774811766
0.145375487942319,0.128271992849787,0.0940794316915456,0.0134841024987386
0.85959000124839,0.0581596882503056,0.155479494287205,0.697995381084956
0.0764018495954452,0.0990485153547901,0.0351951292062303,0.00802982701912236
0.111260670273327,0.109678873239978,0.0673157276459753,0.00859092892057975
0.149198071917045,0.137247564709054,0.0119694982373454,0.0219651254893567
0.0169227973327373,0.0894997329327546,0.230559730372445,0.0197671333983894
0.0391158230101863,0.118058075674938,0.108179469535015,0.00063144999411401
0.0885830892796732,0.108156795587684,0.0316893009365471,0.00911231962333235
0.0798183185391336,0.117327991098117,0.0601666627980214,0.00458257960236017
0.0986115366448876,0.119569609580301,0.00507654002363171,0.0141354070673593
0.0857296861907699,0.13855953547972,0.124039698636837,0.00368577997150583
0.0399792307964034,0.114717626686122,0.156334123501045,0.0039123169183012
1,0.063193174617738,0.0790042385213299,0.94724011042537
0.0872794319536141,0.122705280582635,0.027973611458197,0.00876784129102885
0.0501021981846406,0.106300979273476,0.203606179908341,0.0122739628849809
0.00244132127232366,0.121408375268907,0.143118062065006,0.00296429655959878
0.0282092874287361,0.127041458121054,0.100527994050562,0.000171409236858698
0.0729241909189925,0.136358868426585,0.0455785734723069,0.00481743567049413
0.0741910702862644,0.133081320499964,0.130773989067187,0.00294775722217713
0.0905340752076932,0.13996230440775,0.0324749555109446,0.00822400731545725
0.0480287935240397,0.125197061108041,0.108845664321249,0.000622410173055742
0.0625721514028612,0.152022896595355,0.115183662742565,0.00143603870383347
0.0888186394419137,0.152142323402272,0.0157117312383728,0.0107115806142355
0.0790966952654132,0.129159657923411,1e-04,0.0125080085023223
0.0864251277960434,0.1581979411374,0.0888718523718769,0.00363879577807342
0.0860060841521998,0.132131376767312,0.0588464017205246,0.00489221534498973
0.0564504165604781,0.139662035209805,0.0209629524165059,0.00694659364713774
0.0590352314589104,0.145024518200244,0.0790812019153553,0.00130588656232322
0.0815131039859404,0.113064468695808,0.070032088735617,0.00427719843445532
0.125134344289506,0.165736384958596,0.034357386244222,0.0140218577148215
0.834552757079269,0.0718533011015968,0.0444080994118991,0.655039570905599
0.0064084012226092,0.124286034980942,0.155992152834072,0.00393861340848768
0.0442811082455253,0.140637869069799,0.106563306249581,0.000247433918596403
1e-04,0.139982911775896,0.0873608593390364,0.00105375816865503
0.0992385447297074,0.131965151616189,0.000901372240582444,0.0146790728886381
0.0948074937217812,0.125283290572329,0.101583005010342,0.00441909868373998
0.856042567293319,0.0276183489835152,0.322370017604903,0.744424383195333
0.0392173232870707,0.143520605311726,0.084340431451953,0.000342575797450309
0.0523989241936113,0.139474000915221,0.0327866300611851,0.00501962557860032
0.0340903539090638,0.143909487631905,0.0453905571605282,0.00301420633588295
0.0534669293273493,0.147731300807904,0.0733500243112888,0.00132069098844599
0.0625766275681281,0.139171874829344,0.0832051534034708,0.00134398932721175
0.0694816393795707,0.130334441585948,0.0460328982396297,0.00456467093996809
0.963433999809112,0.0732360706728085,1e-04,0.885736464258843
0.0351104185014635,0.113885425299424,0.0850551757870663,0.000931435159807575
0.12585737299063,0.153212353544931,1e-04,0.0193432122428611
0.069234706772116,0.169963419201528,0.0103941969985279,0.010466368637279
0.0211984933979976,0.128688611846923,0.12940807700445,0.00107024901351433
0.060482067876559,0.144167500625277,0.0606096158269365,0.00249812688879437
0.0281883530325642,0.140336123723089,0.0440493817765977,0.00313386672347276
0.0960989471913406,0.14128092331208,1e-04,0.0143507215843351
0.973653686906923,0.0268016168491517,0.373587820495059,0.978146450284233
0.0614175882599305,0.146348060518383,0.000737311603238753,0.0108804440321681
0.0791954741292955,0.153877426305337,0.0349060872585776,0.00684999511165416
0.734219623467127,0.0295345547392438,0.316950318322368,0.555195333293016
0.120479638313944,0.161699971133604,0.0429295450632595,0.0119144905233079
0.389159094298044,0.0388234440846613,0.341608429390381,0.197606583636368
0.0641381133853995,0.129882635004008,0.00814715024136818,0.00970471786875831
0.0714220495948057,0.157654913824151,0.0422937937285371,0.00535748841701738
0.664786934620003,0.0922298503484529,0.101131243670415,0.405237719274233
0.970669295616825,0.0718194467599501,0.130202906549156,0.890419527120389
0.892848203565842,0.0768827990139097,0.147706351051291,0.750766699387748
0.0612226540489865,0.134346981245227,0.000586100500077517,0.0108899341606852
0.098282222016749,0.138843509866113,0.00339938257254415,0.0139954786003401
0.10288619742763,0.138337130824541,0.000252379079415929,0.0152647507886707
0.0378513622483756,0.175805419165433,0.00534651794709162,0.0103029535955078
0.0538167764203669,0.136606738376739,0.0581413108322668,0.00233090292234255
0.0442003997063551,0.142834054930031,0.0266022117741791,0.00559691853560914
0.129298285218971,0.15939661221355,0.018591791379229,0.0168636744436339
0.0966851844269273,0.175869902506455,0.0416552945816328,0.00913766837823192
0.95373050528512,1e-04,0.403374282201094,0.964886011495331
0.305280656351437,1e-04,0.439384990139731,0.210533621293423
0.0825948606968858,0.188314109681402,0.00322450061567863,0.0144659698471162
0.593153238906961,0.0189237268420434,0.400506612667178,0.422105258669923
0.726225925312837,0.00208238518806975,0.403527174996555,0.595880553514517
1e-04,0.0547934849831482,0.460529362527983,0.138135581446151
0.456469902463846,0.133541629039506,0.00614628509740141,0.190726808064004
0.634194865388621,0.119170163055643,0.0083608314734044,0.373883054677349
0.413842571759662,0.114940440931109,0.151059379708547,0.15057016165202
0.358308874658518,0.115388949416875,0.165018002624962,0.112619761655687
0.0560924714852042,0.0830381654148325,0.322904161996475,0.0536117331028649
0.418803563110538,0.0417461332124827,0.395673499201498,0.248244851156207
0.710198182714511,0.0914612137467763,0.194653669533415,0.4739848986952
0.70520614765469,0.0206080800320475,0.402739700554998,0.561809098676451
0.246178441342278,0.169266758736874,0.21878732681755,0.0617000906805987
0.748584334927427,0.0961093227755468,0.23621180300872,0.5368434932292
0.215022106679318,0.0916390194867015,0.234882413188404,0.0547652297837878
0.141412995280922,0.132251929008064,0.16873418117775,0.0171972757837385
0.91079555574838,1e-04,0.426892068718641,0.90223124561725
0.783990436421248,0.000514867767011381,0.438689604839886,0.702668328755357
0.38467788450822,0.0607434835550939,0.345850741376207,0.192520584193439
0.965464514605606,0.0904220951931205,1e-04,0.887531836731342
0.573221525035788,0.12764000345808,1e-04,0.305222404776723
0.252328140972123,0.131638061762861,0.141916316902476,0.0512567019018706
0.465264023686482,0.00033305737549761,0.463910887781626,0.341392759423833
0.218124860118012,0.0973124730523646,0.296911697654222,0.0759874046243944
0.324264447213095,0.0642443974677231,0.319715386830541,0.140605327418751
0.105680144990516,0.110171509619107,0.282608591921682,0.0399631210278081
0.883600076960796,0.0585846819152689,0.299983360892836,0.775254890040309
1e-04,0.140453456274331,0.411905407878789,0.0981791990866266
0.472913129968795,0.0985022330000142,0.236888805182154,0.216632650348938
0.236198385633188,0.148272903702318,0.175098472199906,0.0482259957001608
0.252203836261322,0.131710642182772,0.258787282949938,0.074656659528894
0.0569624678518493,0.103429355069468,0.242405356547469,0.0223436723167088
0.332537560474524,0.103568735201593,0.217857413255735,0.106746582412021
0.132408681118453,0.160694860275289,0.0236110502460287,0.0167510868547494
0.104473833146211,0.179657447328288,0.0566506448099259,0.00899823154748077
0.126422707379472,0.165577116801331,1e-04,0.0199315374022562
0.0937460231061492,0.145145011804444,0.017272278591228,0.010933902497805
0.127811396768422,0.158939973346828,0.0276306034957701,0.0151631214785548
0.0666424602709865,0.155765796767488,0.0539780399978192,0.00370925104486691
0.0516982629655852,0.184284328916359,0.0719685938720921,0.00321767613280366
0.567382619687777,0.0611973167762617,0.265470710655224,0.322370498910504
0.172421772061709,0.191193350379287,0.0164986080619262,0.0298772027358497
0.0881819383797601,0.161914718885062,0.0215942192013976,0.010012859320076
0.145677088824877,0.164706417992518,0.0129349669834851,0.0215719159431864
0.129089638876521,0.173468582953952,0.0267727596085863,0.0163011313129668
0.0871205115785388,0.157914729135085,0.0707691950513198,0.00443813032092523
0.0450674872989561,0.147530895883342,0.0192143740910272,0.00681006091981444
0.0780860446549158,0.166155932543833,0.124951928098193,0.00361899921360947
0.109352767151065,0.149907477125754,0.00205373800606616,0.0159884899961129
0.108612719221884,0.145014563408935,0.00107708775908412,0.0159908480358649
0.151474082727834,0.177682627937145,0.0311599408964983,0.0209148869601915
0.0569836994830165,0.157004656939402,0.0572171865586187,0.00284764752137655
0.0926337841611865,0.158986013920524,1e-04,0.0142634696429404
0.125083568682925,0.141984992423125,0.0783137311407622,0.00951511948543545
0.123134717441733,0.167809021377591,1e-04,0.0194274272629307
0.0364452238129154,0.166501270714549,0.0880713831821515,0.000886150158671451
0.121163497979589,0.158509336257716,1e-04,0.0186333888925757
0.122243342995815,0.208473974793106,1e-04,0.0231775295510105
0.0894481482068236,0.14324945504921,0.0808704699111554,0.00391058020475731
0.072713708330338,0.159779531549884,0.0542923907346968,0.00430487629241168
0.941505471114808,1e-04,0.432256917792462,0.960808893293176
0.0988760273280757,0.174473699398618,0.00106959121313984,0.0157195688734594
0.0304805163713031,0.151820661680984,0.0607461136395099,0.00168082653296164
0.337681594515526,0.000735568038400844,0.455370828298227,0.240350971218572
0.861693943453143,1e-04,0.415967922366386,0.81112255354117
1,0.0966213910210714,0.0472630125191399,0.945562893565503
0.0377399357657981,0.00118767884726474,0.452027833021095,0.143252362330997
0.000213687255816682,0.0374384793227318,0.377540401236581,0.0884347642690905
0.525762731380296,0.0642002177288433,0.321085179453355,0.300404949391928
0.48952756674682,0.110893718534253,1e-04,0.221992770221016
0.222628012402633,0.111046347736218,0.00201061668474777,0.0475457843841045
0.647530762867236,0.101153042384085,1e-04,0.392833339203403
0.539992646444275,0.0768647675789552,0.279920574002161,0.296449969949362
0.523470757587316,0.0138826872076021,0.413485128407917,0.357691890912703
0.10009339219057,0.0168780679773676,0.439170837765736,0.135108950964478
0.661545790115943,0.0905010882795231,0.148005991988139,0.403604802541448
0.237736840369862,0.102782117737253,0.0472323033437477,0.0473241954173836
0.265808035324128,0.0368440358076867,0.358534402323655,0.13308661965672
0.636143235749291,0.00399307585755603,0.440721869201631,0.501998897811562
1e-04,0.0142598042031892,0.433650494801953,0.128027259520609
1e-04,0.031313388264095,0.418429784768798,0.114104317398534
0.842671594881115,0.0974931883246374,0.0450618596750509,0.665260149427783
0.720837759507424,0.0938500630920226,0.0925736638836722,0.479441777105961
0.196028939508004,0.102539129041916,0.190747955222935,0.0372041169842344
0.551654475880242,0.10870827109755,0.0767709381353874,0.273642153818704
0.905978770554751,0.0962880678899634,0.114982662929682,0.76947401965987
0.604408006707698,0.0968496993190742,0.146934123592723,0.334009318576182
0.223498793608222,0.0890826912074756,0.160818588965711,0.0437332562262908
0.38474569503283,1e-04,0.456633637319861,0.27260406941232
1,0.0862898776195892,0.0581266630813271,0.945538153590823
1,0.0163795212269223,0.392508999801712,1.04174353773708
1,0.0272386303385947,0.362990918747401,1.02277934983152
0.0564296277854756,0.0251905078981413,0.414319706204159,0.112676622409834
0.0603392316351566,0.151143508847126,0.0698443669343095,0.00195400897123023
0.992457635366225,0.00950165645998575,0.189391648039583,0.951345384280666
1e-04,0.0113753053804584,0.304699154144952,0.0593400657736292
0.00542381599685844,0.122690561900174,0.106832440868369,0.000950287715707729
0.00412794434516002,0.186461846681792,0.11385512231149,0.00302003087515581
0.889932837638762,1e-04,0.294066615798152,0.796718346616801
0.0498703117992602,0.164478334765954,0.0816564091520762,0.00133050548910997
1e-04,0.157133424471066,0.1744563952533,0.00673131902822139
0.0552283419876801,0.165171425366481,0.0947908463066914,0.0012972051766282
0.0575710675314905,0.162436668390434,0.0895894159118079,0.00137194811434563
0.0856751177119291,0.140909696945484,1e-04,0.0130805562807698
1e-04,0.141247790054109,0.149501652758895,0.00334598060588136
0.0727387300837846,0.150355448056069,0.0324007231697469,0.00650349658158974
1e-04,0.138505511707604,0.112365644205244,0.0010491526518668
0.00375922246451611,0.145384219828471,0.149902229481386,0.00320780073604098
0.974958462214415,0.0345516452708784,1e-04,0.91404586082571
0.451917550293266,1e-04,0.280538340740279,0.230180521722724
0.00181995245532737,0.146643685631076,0.167757088590903,0.00542927669270001
0.0459187533606782,0.183481689696744,0.0998340167674795,0.00214409159787549
0.941354800325641,1e-04,0.252170916281213,0.873295569838453
0.0568062754429395,0.142732791884721,0.0961395797821581,0.000740947398866261
0.706014931862886,0.0105575536648452,0.221472351376308,0.488507067163701
0.0424817053351859,0.154064371879284,0.122359005287137,0.000853524641863434
0.0222122355298008,0.148253861513533,0.115462486900134,0.000367864006464709
0.0126699667926162,0.165979179089832,0.126332773181631,0.00166866274058582
0.0259817619967863,0.139429777230675,0.0618749269128014,0.00146999258856136
0.0651648039821061,0.16070639027708,0.0303902407459853,0.00651083662080858
0.0187943713082517,0.178584547431932,0.101314249434162,0.00161606066647952
0.00157503989258591,0.142111876566261,0.108797236269827,0.000889829745726371
0.700765885804243,0.000817259184213623,0.253950069825928,0.492999332899154
0.83194759309447,1e-04,0.0131127250478969,0.670241350618616
0.00248380582795369,0.0798184499412472,0.113850916858473,0.00457080780700825
1e-04,0.0937450885291325,0.15208249508476,0.00574611312943187
0.762722555813261,1e-04,0.00308581183816639,0.565846713664584
0.00893268871531361,0.141126462885995,0.119920415941473,0.000841923494680671
0.025926535227292,0.204056608944377,1e-04,0.0140998522647073
0.832233610323672,1e-04,0.00034336917270086,0.673082219600802
0.901003645961057,1e-04,1e-04,0.788199371277454
0.00028952224393014,0.0850414316939346,0.125369888191439,0.00454678794559251
0.63516368182978,0.00286065684516928,0.0368846670613306,0.389013826498673
0.780080331505113,1e-04,0.00552934860594359,0.591117217685637
0.763211416998062,1e-04,0.0149197003346986,0.564409649407443
0.00178548205609633,0.0628739601407002,0.124207007144562,0.00733046424208202
0.00194684751667317,0.155006827311488,0.140800910505953,0.00267689852832442
1e-04,0.0721822543374738,0.00320958900448509,0.0148616402874278
1e-04,0.0957404396831839,0.127874971286867,0.00362993270368154
0.978647875288523,1e-04,1e-04,0.92948481128943
0.000530655341725342,0.104274340322335,0.140630841059796,0.00379563027921892
0.0126176820642431,0.14510786454565,0.109476991269916,0.000418048620566499
0.876134913192242,1e-04,0.00952001288233369,0.743702929391655
0.784615829441964,1e-04,0.00583078762692975,0.597884900603347
0.409674536944144,0.0103018840245741,1e-04,0.170954365291325
0.914426500724376,1e-04,0.0405790655578395,0.805313092633544
1e-04,0.116029704388444,0.118774125137839,0.00182105284639662
0.831687678011325,1e-04,0.00142194398694063,0.671992776202505
0.856596735148116,1e-04,1e-04,0.712814182557524
0.0202871110692303,0.107944049179019,0.116298729373669,0.00138757277361473
0.000308189672979819,0.0901623759110789,0.134206511692104,0.00453547781746641
0.388178890537047,0.010050777916865,0.0538640182902253,0.147307446754686
0.0482170300930456,0.0568444465382187,0.000191430442464661,0.0172084568140675
0.0908144023664033,0.174511720845202,0.0549163341092689,0.00692198734102704
0.00434633433460471,0.140369456523869,0.142546787975243,0.00246847622720516
0.00782329596588803,0.122825323369759,0.133252239307287,0.001892487138119
0.0144006973700071,0.120990885709255,0.0916667756301393,0.000674127297059156
0.746469420747042,0.0162702236766694,0.172134960256315,0.533840940905804
0.0189761372822576,0.124031694735461,0.119704460284848,0.000764778077358276
0.00640770131597792,0.141441372797778,0.128575201496545,0.00137521625330645
1,0.0265507593315587,0.0003444325063347,0.96370196234073
0.00202616650054392,0.143064589673811,0.134919816041266,0.00201132062287999
0.0125491664195875,0.112097220749846,0.117927706594588,0.0014044993462757
0.0633968876157017,0.190298084640251,0.0821749860503273,0.00396298054319973
0.0456446804974128,0.128911133505418,0.0577280675828182,0.00215463525828359
0.996045931064875,0.0342694813384903,0.0320023866667957,0.949047358922446
0.00378595018859972,0.116250402000845,0.126799665547315,0.00196944188608399
0.862025087381152,1e-04,0.27434214004418,0.742232937826798
0.0112811194503966,0.162682768195488,0.112884714312775,0.0010309203249624
0.0132669868681432,0.116244201571092,0.120170349832912,0.00125117469984783
0.804833329225361,0.0302205731891489,0.000405971763918799,0.622337181089666
0.000903262709340675,0.109028129038063,0.133871829448475,0.00295317774203115
0.00116614034116125,0.110952790562844,0.130981670743333,0.0026349957609599
1e-04,0.104655179028892,0.127445807278997,0.00289653870667549
0.100959729711528,0.126375204623367,0.0490829507552882,0.0078134641935766
0.0118115110953215,0.12139104435667,0.130602230612552,0.00161361087723485
0.00347204403951323,0.1265531369319,0.116944087322009,0.00117165266898964
0.00650237714801332,0.116010628275036,0.141051490258181,0.00281285308787025
0.752078372934488,0.00154448780152719,0.241103823585059,0.560477394548183
0.870078259838911,0.0298004932757733,1e-04,0.727855423936235
0.00647730499794737,0.110907052081173,0.128240796437417,0.00219725938218682
0.732000077987269,0.0109127971754489,0.215389830188121,0.522782428338042
0.0237202738542983,0.142203365393383,0.117338512045456,0.000344913779472178
1e-04,0.158118641793596,0.145724251259727,0.00331300233370729
1e-04,0.172865847952523,0.165580209454057,0.00627493783367627
0.0342145272642996,0.201718408500338,0.117155939943252,0.00412125046321257
0.0637586941732333,0.187156177043955,0.0702226564100595,0.00425004465695608
0.907664974350457,0.00366527062715196,0.301528539606679,0.829496717910758
0.730368139387695,0.0347689262904204,0.204162609795682,0.5124389588229
0.00397548939009017,0.168724410014342,0.122175632553337,0.00199412556229796
0.00460961672365748,0.165522546030678,0.14375991397625,0.00321100199001649
0.00404193836721986,0.145936706914928,0.147424012654866,0.00295810242901387
0.0747912979756863,0.165051310620864,0.0779703381115128,0.00311913454109079
0.0529720004126932,0.174973483325534,0.0625140490303775,0.00315605385897915
0.0471602246045588,0.193623565371067,0.103692136965917,0.00318359194695914
0.614169164958325,1e-04,0.367618166780366,0.43244510647899
0.0545203877678651,0.184039094849225,0.0781613300831622,0.00301761879516208
0.0466125280213984,0.16543904908141,0.0458575665045434,0.00385452441023806
0.00534742497714849,0.145159749584087,0.119281991359123,0.00100616766180108
0.762324713717401,0.0139113595295187,0.343409059222515,0.611445801688558
0.0274989412109167,0.181838394910246,0.152305300692637,0.00449255106427931
0.042472200974524,0.186757318480035,0.105613072831499,0.00237330921520407
0.0207071751806908,0.178807129523367,0.0806854448479506,0.00196540193568731
0.0331103894791921,0.190383509916435,0.118683800507512,0.00289725699561634
1e-04,0.161431649098185,0.14466342982326,0.00334814754664506
0.0178041920568248,0.200401237527346,0.121420812361045,0.00425589842842875
0.716108446278386,0.0247581077555843,0.297999045947521,0.523229115978742
1e-04,0.139683310288248,0.128774055132152,0.00172205654112166
0.0119671893742634,0.14393254412582,0.129754858552646,0.00122599876985316
1e-04,0.199636319090025,0.128218311422801,0.0052467736541614
0.0545867346151252,0.152545750619043,0.106949536138946,0.000810199430176342
0.0244678065246156,0.165524798485148,0.118412936781127,0.00102115674326229
0.0135487494675444,0.153012587812012,0.13216399693518,0.00147449378449323
0.00340626908942013,0.0634541510401858,0.0274225668211464,0.011833977323554
0.935353427152807,1e-04,0.14730436563285,0.841474541065259
0.83644279665462,0.0102024303869422,1e-04,0.677177403353581
0.00490334461997634,0.147108825720301,0.129452844413095,0.00154784755840725
0.00455255363913894,0.150173292430828,0.142946920719803,0.00259550640448507
0.00179923771279104,0.138182925539289,0.145023759754306,0.00282572369558888
0.754386400858379,0.0165139730366518,1e-04,0.549964466603749
1e-04,0.123776554057943,0.13989930675786,0.00274916487799266
0.000705375237841298,0.140761235700541,0.127745898256876,0.00162858938982836
0.911861820225663,0.00862023926036049,1e-04,0.804920921503724
0.000508834437595894,0.0873846411148416,0.142864049764775,0.00547543159908022
0.00456465259384896,0.117647897117648,0.143576874002024,0.00304551734872315
0.01091289373521,0.158628173257795,0.152194197488273,0.00343556071593061
0.973394102652205,0.0116768743885008,1e-04,0.916439267485665
1e-04,0.111408933945616,0.134701181992068,0.00291563108977283
0.886815332382081,0.000100003260131239,0.153657374847265,0.756583636768331
0.0197050397919998,0.0738411357398377,0.00952173881831971,0.0126692972723392
0.000106738288204577,0.184886342851768,0.152520157278671,0.00566675779095266
0.0248884344112015,0.175857874827757,0.13442906256555,0.0024972756390743
0.184798284835117,1e-04,0.232966102642273,0.0612145034397695
1e-04,0.172494975825753,0.167151010110085,0.00645919161272094
0.00170624993992832,0.144827896676189,0.141713484500031,0.00256385966791213
0.0303621275875613,0.17609825882898,0.0942182607614894,0.00133664393549583
0.950004826358014,1e-04,0.158833708691749,0.869442295800466
0.0181893704312918,0.13209549855973,0.105876570706565,0.000236506197097723
0.00698651060252975,0.167200572298024,0.104723176855343,0.00129180022719436
1e-04,0.0877928257247896,0.112653625967086,0.0037797132959171
0.0035252731934308,0.158326192781643,0.138777556307806,0.00254045937455748
1,1e-04,0.163814888400027,0.964544349981508
1e-04,0.150304284408458,0.143062491855964,0.00285456648201533
0.0554562467164338,0.143670000636796,0.000657762669931772,0.0105303695193056
0.0752738196160468,0.121550474767031,0.0592199707350181,0.00405311451080108
0.0422197534466623,0.14386077804959,0.106610910782069,0.00020793212281389
0.08465051176903,0.140031943861501,0.00586474062261228,0.0118481265150752
0.0251464811116937,0.118978760074992,0.0775797968086889,0.000968114684723557
0.0363810750087273,0.129153981389903,0.0748007363775685,0.000793357125070367
0.0130820634830098,0.132203367457328,0.111173809589112,0.000471858075732092
0.0184391864039956,0.135479473479994,0.0782843545613364,0.000625656827837391
0.811618427619945,0.0722377648180865,0.0563920239905798,0.617420742483561
0.101465121892009,0.130824612133791,0.0252458295245823,0.0107796373930029
0.0627365116844794,0.133012723570168,0.0539141447075238,0.00324440728721399
0.0652369833486387,0.141857545125262,0.0048233105948314,0.0103036976755326
0.0657319708771794,0.153648217091031,0.0215649629925886,0.0076151026028855
0.108848821207359,0.145603104373255,0.0284529836265651,0.0113675069363483
0.992733420380401,0.0740609485712924,1e-04,0.941183607220664
0.0660124476544051,0.134510491620581,0.0626090448184783,0.00272511461769555
0.0801281741912119,0.151167885775927,0.0411460197844898,0.00610134650765631
0.0635728393394006,0.11802765639223,0.00113103240783976,0.0113849921776667
0.944121508367717,0.0769605811258314,0.0390318432887043,0.843309216525235
0.0189814071019898,0.117184997769565,0.00695768343975168,0.00929880638712431
0.0776349709343006,0.166563592774228,0.0360765963214296,0.00706091645484014
0.0655678247557418,0.138909366132192,0.017808235670825,0.00802174576363142
0.0254259740167873,0.136755996815414,0.0384649801523149,0.00381800393801172
0.106800102755339,0.142687047724766,0.0169394050587908,0.0128045384406934
0.0324016383760502,0.144824718354755,0.0679169148222917,0.00105837012861211
0.0407004668697805,0.13183949437966,0.0472479275171678,0.00296387499444486
0.0449851929495447,0.141371561535045,0.0020708466816966,0.00981655625841927
0.0801440386867492,0.139732837095658,0.0292846056702661,0.00751516298704541
0.0207201484651184,0.136509409204845,0.0783221773110975,0.000568227865140157
0.0645542596451759,0.122121430113213,0.0251755311457756,0.00711234126013976
0.00138423254421367,0.1236381996706,0.123528985271661,0.00164018380501683
1e-04,0.117705346314488,0.155542606406991,0.00447604270943887
0.0140745645901815,0.187124002219612,0.137915104234438,0.00391184620729457
0.00112001537043163,0.160193831745479,0.136209031496786,0.00255293831470403
0.0257183432053987,0.144504096840106,0.116045378142548,0.000296073632989171
0.00573649157114232,0.139872067509354,0.118917604875381,0.000946609982220451
0.0531122016333246,0.153922297320002,0.063304617319475,0.00207455533707618
0.000308613845867708,0.119364969982145,0.130630901376138,0.00224563499470628
0.552637698461711,0.0524491298592193,0.0210007815310179,0.287056195234472
0.0410967394070391,0.182650691426727,0.130660928822926,0.00288231166093012
0.000803742488806435,0.127442348010821,0.129251910494991,0.00186579034374825
0.926660680026763,1e-04,0.29818725477312,0.862850573060562
0.0160948889566027,0.139721632326174,0.124370971453338,0.000787373851270457
0.000325275574254522,0.170265555275124,0.127429018706348,0.00254894417304867
0.566188301887063,0.000899850974217978,0.323116269678089,0.356627616334593
0.00163956984248787,0.106647795243301,0.150818365909303,0.00449918987454371
0.0137851931857414,0.141355056853185,0.128376682168563,0.00106999222999471
0.838961971410787,0.0441099857883775,0.0329570359362673,0.668109125044782
0.94015324174617,0.0109075317939194,0.26325813733101,0.871697008213391
0.0216215261376567,0.168933641312749,0.0740196440898483,0.00158233331709493
0.0124787737170502,0.148392635628482,0.103857485670563,0.000392309898949388
0.00835879101871866,0.135881857321181,0.109842581313637,0.000582177432210155
0.017680934927333,0.136655651934975,0.129494722006641,0.00103288265449367
0.0153623252334004,0.132128852685681,0.101249427552341,0.000277777551825013
0.888816807523832,0.0508273002314662,0.0326351334193278,0.750056104518868
0.0202469710308672,0.131733252144233,0.0976247558597205,0.000169102478909499
1e-04,0.13136528519467,0.157211457325477,0.0042417191490743
0.0565890409525294,0.159555509123662,0.0906360788992784,0.00117707805424143
0.00152069579597007,0.133077259915887,0.118508008505344,0.00120154147705173
0.544120722799751,0.0552071633512165,0.0136824683557506,0.278960659028242
0.000123140868658609,0.143307589860783,0.0950169080556123,0.000928398067567392
0.429181777001432,1e-04,0.18725237709928,0.186531078399496
0.997792545987413,1e-04,0.115551662616221,0.956436276278927
0.755467338468726,0.016675199917001,0.0491273408380157,0.54409989295062
0.00673665198878399,0.125663040859976,0.0949638705387422,0.000772094358024203
0.40234036854087,0.0221660435207218,0.00961614996453239,0.160691431691945
1e-04,0.131888347459764,0.0843069460020328,0.00120608085071663
0.992677571335224,1e-04,0.0604413402279149,0.947885003914849
0.0131265568818627,0.16525703608581,0.077210849897266,0.00144197631690587
0.00996860771654676,0.15611952096142,0.110931915061466,0.000780602399750361
0.0480328773782621,0.18131664040542,0.00183276472161435,0.0116690555231321
1,1e-04,0.0828872998004373,0.96076485450812
0.969072237149657,0.00806655692818418,0.0220289506361607,0.905342584524943
0.993427462374546,0.0126187236931351,0.0080047315834437,0.952881594222057
0.00434899740964694,0.112463049163934,0.10984100085967,0.00151310289315822
0.846597968219681,0.000104601269247306,0.118039496995144,0.686728387738385
0.00254189507693827,0.117155927626753,0.0848233937694784,0.00150612854523633
0.00392148393323121,0.130718076838922,0.0930084314653944,0.000815125128386958
0.0232985006512601,0.197964574106894,0.0834547435004767,0.00367854745754974
0.059884530127708,0.173383633295259,0.000115784563625326,0.0119844086062863
0.594365173473416,1e-04,0.168076285369022,0.342714439659324
0.496720010092276,0.0226350114625088,0.0699379449652633,0.232505835507852
0.675649151130864,0.00124806625812775,0.152016794849898,0.43882067241957
0.992036279112303,1e-04,0.114245364419544,0.94528874273569
1,1e-04,0.0884560393737375,0.960605273026941
0.976820048012217,0.0069529935333383,0.0637875303281025,0.915481052207335
0.855023133285104,0.0102761115301573,1e-04,0.707471467695307
0.995996500588595,1e-04,0.100869350763715,0.952722004920161
0.0213131696188998,0.167390839378298,0.0774195708682282,0.00133559488369271
0.00413145283347476,0.176124874374482,0.0987393747842882,0.00197577745701337
0.0199667982795339,0.111410312945582,0.0864233043976554,0.00110236200611182
0.080007119232223,0.105459947756935,0.11623546795878,0.00395731760270001
1e-04,0.00638439869525436,0.389347643840958,0.102469197908343
0.988591802226081,0.0110629223430278,0.29282348917906,0.972703911268954
0.0293346304768086,0.112595411246999,0.0485503066999611,0.00339852514199158
0.0679050480824704,0.112436123609168,0.0292234769614231,0.00720587616525365
0.0936875557405397,0.119102111851813,0.00947841653348359,0.012686983558544
0.0801123657388465,0.111383888870195,0.0228733877185692,0.00927864533814743
0.0765522062041625,0.112880172861013,0.0256912545615567,0.00842438257515879
0.852831669637895,0.0639712479894975,0.030537454689844,0.687657372892326
0.07511707858843,0.123686358983262,0.104193911983168,0.00231927456130011
0.0991050066797965,0.099214932714936,0.0402911546654806,0.0100040698728435
1e-04,0.110218350846689,0.0703187620610326,0.00266193251188052
0.00976469319311867,0.0962742627160494,0.116706220610139,0.00260050554966831
0.136581155350763,0.117987122121565,0.00317305595695725,0.021219566561109
0.101813430986395,0.103166953046768,0.0595866446323712,0.00814708150996696
0.000118051197403472,0.107679358499869,0.141935328074993,0.00369612647197833
0.108697012952787,0.112944438970936,0.0398752481186802,0.0105402090190788
0.0422715638845547,0.11822084634183,1e-04,0.0106049328142389
0.0579593916750595,0.113432858574025,1e-04,0.0114675505863871
0.0117154278097265,0.118787492169006,0.0845628519829499,0.00102260160756162
0.0539468278628175,0.116538302087581,0.0757226802376633,0.00171329008846778
0.0914417527144495,0.119315822928004,0.0264962294759498,0.00960572843902146
0.110808825178075,0.143558389279959,0.00213245242861552,0.0161207852285656
0.0727180085513483,0.107299240318405,0.0139052869690046,0.010306467550236
1e-04,0.104405484404961,0.131975074414225,0.00318338492424067
0.115534169375007,0.118915421689019,0.017116873004139,0.0146302663138362
0.0418012739072639,0.131745585101007,0.138612633441257,0.00169834089242787
0.0371000747626129,0.124370066696757,0.0475326034545405,0.00304753357695702
0.0772884060074333,0.154976412109128,0.0176255298099683,0.00924603960147471
0.68043845026304,0.000424320988020394,0.409454202526392,0.538313451213486
0.143050455440688,0.14645241828418,1e-04,0.022802049177061
0.115710488946703,0.139630115952344,0.0695671142548919,0.00827258526446648
0.109221088948709,0.131003923142053,0.0282753768996876,0.0115013318919352
0.145389328948221,0.142418038270069,0.050866602781286,0.0157346348664482
0.408823668979732,0.102593069977167,0.0596853340331174,0.14653192288502
0.189861406187802,0.143009173655554,1e-04,0.0355447343144308
0.113009685093421,0.109729142542747,0.200773504929873,0.0179622319263574
0.0932780727735067,0.155947994623839,0.123891309323087,0.00482924768762263
0.180226390159575,0.137787952749879,0.0440324344379838,0.0257052298483522
0.207409849998872,0.13155736184847,0.0804070853316892,0.0319294153207795
0.184005259006584,0.154561371724574,1e-04,0.0339096633481863
0.190213211256235,0.137023842589622,0.0314274939590968,0.0303793191586962
0.252671682390031,0.14141230325344,1e-04,0.0595646827388867
0.262011423701571,0.112603569536275,0.00616594608960824,0.0633846948034419
0.254923620649951,0.11966263075636,1e-04,0.0609842537140352
0.142231379458438,0.167036639602697,0.0843106204222754,0.013573019047684
0.103067400614435,0.133676989883788,0.0762219546945338,0.00594422092802886
0.146205207177823,0.125552155548835,0.00208575123977658,0.0232995904948047
0.745629641398637,0.00931948079763774,0.395728083177617,0.616658280927248
0.509718091501633,0.070692325999122,0.22890573027052,0.251549688285957
0.187164822348991,0.131760211564594,1e-04,0.0347486854974502
0.0680519818699919,0.14570580251104,0.132963193031227,0.00256708160134311
0.0766696438348798,0.126582078411414,0.0437272036317349,0.0055247238865362
0.242128064594861,0.128040561510571,0.027583675285329,0.0503854680429246
0.097831706561021,0.0161602560515664,0.416692212037905,0.120231379761656
0.250846086481772,0.137420893737936,0.00674244614189733,0.0574766170550223
0.170877344504099,0.129612450937489,0.0277301950223804,0.0251772520815559
0.0962740248596817,0.144869094705487,1e-04,0.0143959644543527
0.240233260187378,0.147031969785933,0.0993125043732209,0.0442479449383208
0.025467989041007,0.112109155708849,0.132529359915735,0.00185659757513306
0.0463609952409615,0.129896602659938,0.121455877146925,0.000830115467229859
0.0311404317993581,0.118606299789182,0.215164340117573,0.0137218162281153
0.00192901394823504,0.109828717019236,0.248676534337598,0.0238029984372626
0.118975711497983,0.13283010287075,0.0324578540492099,0.0125300261410542
0.0480059192787039,0.140254873205141,0.171680982806052,0.00546244138546342
0.0667645761386603,0.140111693993084,0.105467597812169,0.00138154116003908
0.0969751996309848,0.159903251993349,0.0214237881497864,0.0110560378742507
0.129089116519081,0.129556653720473,0.116934421779324,0.0102144911350461
0.131710010542441,0.130655462590226,1e-04,0.0204122566239462
0.0557711900998116,0.13015187906475,0.189433895352027,0.00875956136295331
1e-04,0.118406395090907,0.257037344051538,0.0260210211997312
0.139445081782695,0.116414030172877,1e-04,0.0225145338991069
0.121732559709329,0.125130997207543,0.0649872169560782,0.00986184473134848
0.105866602104151,0.130876427608171,0.138521544651464,0.00732289029035319
0.0944440958658877,0.148142805431059,0.0958384380771225,0.00423666536989775
0.0963589671654943,0.137246358387819,0.103976709187852,0.00442690928136423
0.1069501060191,0.144890344367583,0.0261619919081795,0.0113972857233521
0.0964573371725061,0.142563760094476,0.105406709341461,0.00445238303578523
0.0668932767510464,0.163994279774338,0.186306123930917,0.00938558635929725
0.089157891123651,0.133944665512338,0.11199486264052,0.00368019988772017
0.141269625757051,0.140150595498647,0.0239184055124536,0.0181693613148858
0.150039878829585,0.142758655181458,0.125345680554822,0.0150595862106187
0.104636695835996,0.155059328206336,0.106020932152982,0.00583367135533196
0.00996187144769359,0.122048189369168,0.254412856828175,0.0245671244546426
0.126567067950857,0.132442402728398,0.0938943515277673,0.00941959483241163
0.121413573670028,0.167616940046526,0.120166609938675,0.00952582898507762
0.174836883677473,0.127225959066205,0.0159379085765251,0.0282073342096687
0.197326148742661,0.155386432256839,1e-04,0.0382147923506453
0.149274276029323,0.130096079403987,0.168121897093612,0.018965033429124
0.651190504176186,0.00390906157508004,0.0233170526018454,0.410278660421707
0.00306552838609934,0.0576825694696162,0.0957196901447935,0.00751994618270115
1e-04,0.154162047520249,0.126039378930385,0.001772622845046
0.00201275681554583,0.0432565329244154,0.0271349844973582,0.0154518946870707
0.00464515314506721,0.120953245799475,0.14210404201605,0.00277839745870162
0.910066816279415,1e-04,0.00147244479350642,0.803797290251155
0.00887221760218513,0.142200153797742,0.137432950110074,0.00185244961972644
0.970020931372854,1e-04,0.000487831974234169,0.913114033004276
0.00950493398759125,0.147841375348697,0.146206594244223,0.00261658424986239
1e-04,0.138656243757132,0.14840316384281,0.00323868195083418
0.970697152497194,0.000822647367826766,0.0425712649038901,0.907579527816769
1e-04,0.122355004376384,0.138276641584624,0.0026704571615552
0.898044241799258,0.000485219659596585,0.0492743297137649,0.775538273280267
0.000308420579411356,0.14774206938762,0.151323208986049,0.00357560130751752
0.103515519418009,0.000708039331735809,0.173032412237327,0.0301405151393119
1e-04,0.0729506485419137,0.116671497650757,0.00566756436486916
1,1e-04,0.00343649633419332,0.969796520240216
0.954819597797427,1e-04,0.0133866371890119,0.882365173087622
0.807594617592189,0.000147368431438409,0.0089353339124022,0.63250492127464
0.811567539128246,0.000102511140855702,0.0144557998043972,0.637736935795182
0.000128693338569337,0.129346166227063,0.148545428921448,0.00336245780488994
1e-04,0.162713109279875,0.147489631463849,0.0036651604297317
0.988291325962309,1e-04,0.00200297965703779,0.9474976914107
0.912151272475339,1e-04,0.000392132486758279,0.807684604800395
0.887395302563604,1e-04,1e-04,0.764678724858134
0.815044973566485,1e-04,0.0311220899414663,0.640611787016034
0.737268267620852,0.00273580695386388,0.0468235849028188,0.521897592198595
0.0962763500635516,0.000657107479092455,0.177846153373954,0.0298690198689608
0.867775433746948,1e-04,0.00201472091395945,0.731040802307455
1e-04,0.0955899841951113,0.132102027862145,0.0038967996966524
0.787752239998166,0.000240334772509745,0.449862085679798,0.716124700242956
0.351882315058098,0.0903016486147997,0.227547340751088,0.122346475010241
0.376372529370138,0.109105926182844,0.206690782381271,0.132311295944415
0.343033367250063,0.0872796034861303,0.267630454023665,0.128869298336673
0.812572789847596,0.0882424394667887,0.162367765421256,0.61898875464584
0.281753183057707,0.0966333488638009,0.284918691374304,0.099455254030041
0.971245096868207,0.00479279273122658,0.436001426417306,1.01712027983033
0.23244853220003,0.108556666671018,0.182721953033737,0.0488170129144999
0.506598469492017,0.0222437021361731,0.404780029389807,0.333903513123579
0.788355490598608,0.109190249680709,1e-04,0.586032300835792
0.535155574353005,0.00504352926268491,0.453826056210125,0.398588281346997
0.606175159980342,0.095921932203341,0.213370865528867,0.346773644189824
0.852875815394831,0.0957607138209093,0.110164146010146,0.679185031867459
0.446730101433709,1e-04,0.461441815855968,0.323876173690209
0.51777730663284,0.127037919158551,0.0553698779135707,0.240086564203177
0.727467103123138,0.0548007551011858,0.324512245523157,0.544125019660161
0.356051352547972,0.0618784251969759,0.327211720282062,0.1640376307816
0.502564332461341,0.12356585153866,0.0616852693419643,0.22505514813568
0.800124293617723,0.000743822347645093,0.449865519327124,0.734889592248579
0.768370813691785,0.109922880521852,0.0550151681459767,0.548119726724907
0.545211244856888,0.097988995686396,0.145079569140345,0.269239718864301
0.919534231841018,0.037278936760452,0.386637583589585,0.883983870776129
1,0.00133898794160862,0.442925009173733,1.07772443818186
0.636325854510551,0.111877931672295,0.112419580782848,0.368576138561799
0.29399841578874,0.0817661492463006,0.315373910247379,0.119472266127815
0.458457610736886,0.0388579100148129,0.375527809079027,0.269721220140822
0.976474630246062,0.00275032771319837,0.427545583431959,1.02193780746804
0.0747275503041586,1e-04,0.49079735857486,0.174295139225299
0.267910487772169,0.0982448395484199,0.23335296753495,0.0761279075667062
1,0.104797721473617,0.0634976442635991,0.943471622387756
0.00473091230522183,0.13313827434384,0.143342350977433,0.00256416946015776
0.00257882469576765,0.103433263047504,0.126583943526951,0.00279575315986261
1,0.022372639622258,0.000122688573809595,0.964711673247159
0.044822506531936,0.127235349516711,0.106695253799105,0.000427469425284238
0.0506083870488213,0.184810155847079,0.127848994125163,0.00320822215757695
0.00795874503495637,0.109763999850075,0.110007775782058,0.00150018820160431
0.0169783368137926,0.106922213425239,0.106718003083427,0.00130883524224939
0.0194735941338318,0.124623375954769,0.138839452246688,0.00185574883831046
0.00422872521532825,0.115522334902586,0.133408814763708,0.00237946359656393
0.00393009531243765,0.146609733088193,0.132386126323731,0.00177218968017242
0.00230145946960469,0.14588255790754,0.153258263571322,0.00363825627368191
0.0238148921902303,0.118807575716188,0.125533511166048,0.0011393345981103
0.00943914785175124,0.132118842326813,0.128598645155342,0.00130274379205294
0.000373072811390793,0.12100825906197,0.127826146374086,0.00201273546052843
0.38325114526393,1e-04,0.268064283321239,0.17260398495856
0.0325719110248644,0.138693821159023,0.111951848437587,0.000151167510559478
0.0397564928588128,0.133025203302937,0.0847225173154855,0.000377238419045066
0.84582135483393,1e-04,0.218802192891362,0.699250454038865
0.00298601388895967,0.127756315371192,0.141964248661373,0.00264066142461069
0.000609119971204804,0.13958535216324,0.125051943908569,0.00149159565529365
0.0192595987876982,0.15672522462479,0.123766445715876,0.000959933298916564
0.0247490604558557,0.152480430773185,0.113450637346449,0.000364253163406213
0.000100055759454288,0.119333167894895,0.128785228552475,0.00214971399766656
0.0494162847518377,0.195118304816657,0.0771125988066556,0.00393885277281144
0.0116814486320115,0.166300399733256,0.121813161204295,0.00150309435207523
0.997185776858251,0.00144291302934995,0.214965813344011,0.967863531544542
0.0330217012132432,0.137350274544768,0.11760837574868,0.000326206619716928
0.00883624921794734,0.114635903274004,0.122751515468306,0.00160887320599507
0.0266966788185904,0.133028041583988,0.13628852093647,0.00137637688673875
0.729685867938776,1e-04,0.208621676760976,0.520930992455604
1e-04,0.184770727241374,0.147238043916687,0.00512986081079643
0.0763581697772837,0.19783617811307,0.0444088895403965,0.00858447496595811
0.0797971562015237,0.164890084407349,0.010128413530309,0.011176175122143
0.0878222510257152,0.198236759787322,0.0477408499728083,0.00946595166577155
0.0199856023719188,0.167228272659689,0.111142114197406,0.000965813700671718
0.0493337532447744,0.202718276299081,0.108725043586667,0.00438350258204689
0.0261056166483067,0.18502300478834,0.079237710211055,0.00247330985914098
0.119650499620618,0.183734710861167,0.0262244003695194,0.0153927761171733
1,0.00838063732763835,0.391331498663475,1.04309769874379
0.0673414666369829,0.215373176615679,0.0307659029820766,0.0118688610736265
0.0639241845609376,0.195619675652383,0.0205378533870316,0.0105586313621417
0.110005270413241,0.183959947947213,0.0892425731818313,0.00844904254916581
0.0834328670597269,0.19966305602546,1e-04,0.0163947615365196
1e-04,0.177363934365326,0.13345784505483,0.00340950098696937
0.0162418684879024,0.168078694870034,0.111098227160127,0.00110086993440642
1e-04,0.171256771669362,0.129815748054731,0.00275997460725384
0.0616835874962623,0.185633273649987,0.0548363484213091,0.00512600080456934
0.883587115844307,0.0647602520214746,0.197784112716944,0.743833716711114
0.12505644561312,0.190278854557505,0.0248233249970162,0.0172152235327189
0.100174386764253,0.198866651833469,1e-04,0.0183697372558218
0.910323798815983,0.0880238616844594,1e-04,0.787651519715999
0.08172355324496,0.246374377073545,0.0680814600329476,0.0150096272516972
0.0109469965696125,0.143126758194952,0.112082491322603,0.000518780153088837
0.0507446817253665,0.165805077057932,0.0826501766031559,0.00139726019375425
0.997876957664829,0.105227307922199,1e-04,0.947974955292863
0.0836452677079586,0.209117580068568,0.0388912488921546,0.011389334083954
0.0629146643689444,0.227640710235699,0.101698742119233,0.00876715494592571
0.050741468992151,0.202622624479977,0.0865233626003373,0.00453342138831461
0.0393777080044591,0.185761034301474,0.0919937646371024,0.00224611347244368
0.0179908822044359,0.178497998423729,0.0765615690552844,0.00217567483801135
0.0155548972801439,0.140481387583317,0.0426943042452964,0.00349283549252322
0.032372235686074,0.13695991632443,0.0437376936480035,0.00318031672695066
0.0368083066379845,0.166590505114443,0.0602867236479921,0.00233055232012901
0.062305163006376,0.137172200781949,1e-04,0.0110316300052861
0.0641956368401964,0.139373176537118,0.0201298364736098,0.00754897750829253
0.0520958648063972,0.123822292711272,0.0338598662186026,0.0051244627512835
0.0722260544143256,0.165724570599804,0.00136503746092871,0.0121736490390299
1e-04,0.135488715862893,0.0573627667084301,0.00273229534732547
0.0688950967814841,0.157997209767856,0.00422444723480951,0.011009684620547
0.0185028100764303,0.11607881263858,0.0444081573471546,0.0037948615504575
0.0455977339655671,0.132839206900049,0.023010310455179,0.00622197855888883
0.0638696871871322,0.150151929304632,0.0410492236231261,0.00472541141419663
0.0429148093381578,0.129887830294909,1e-04,0.0102490582763855
0.0887981072231577,0.155656522570967,0.00564272397382998,0.01260563965112
0.279119890702803,1e-04,0.422527525504062,0.18565673465155
0.0671039915818828,0.140682481789718,1e-04,0.0113571819727017
0.0213666964568412,0.125299033079561,0.0667644144105986,0.00139525650793457
0.0321271738968156,0.131776311620127,0.0222137679139908,0.00612285182149504
0.0505882991417793,0.152342555344943,1e-04,0.0105562267339944
0.0356141582745083,0.125531646097603,1e-04,0.0102208620377762
0.0156040175219958,0.134370745594024,0.0629282733335564,0.00161324573470572
0.0241154380481133,0.144879939459477,0.0103524331863465,0.00809512811410222
0.0356139445933467,0.137155920547403,0.0391352119290374,0.00374412758875304
0.0427555645505379,0.131937711773269,0.0554427984304128,0.00221304913016665
0.666695984620394,0.0175446148563721,0.350213946754235,0.482984117332738
0.0365069002969514,0.135858880210946,0.0226475130133554,0.00604289586760078
0.036580064926525,0.149160724698638,0.00241198159569865,0.00965063746751977
0.0559191034177144,0.153557723256927,0.0431472544953613,0.0040878464533048
0.0689636937794452,0.147474363624901,0.0280876455478499,0.0067454222673873
0.0699848534887712,0.145418588340539,0.0224759979951811,0.00763812049496588
0.0984858365735816,0.124654906950382,0.0773712788126845,0.00543784071445801
1e-04,0.114595253009011,0.217134541472461,0.0152599119756399
0.316091780387923,1e-04,0.352599251648772,0.165226898739051
0.110429811356357,0.150808906603887,0.0583115952157409,0.00832371011024694
0.957167206821954,0.0477381411099943,0.0229165330816114,0.874093140884021
0.0440716365295236,0.0980036119110945,0.10704683429669,0.002011365440738
0.90758279397508,0.0172673604078736,0.263685602717767,0.812007837639437
0.0579116144543851,0.110327776222989,0.130968842250886,0.00261856827568351
0.0395868541416989,0.106407447775723,0.127343256495604,0.00196802101305935
1e-04,0.100099894296145,0.138415864813299,0.00396180710453247
0.0436610466328144,0.108455426785492,0.106497702947082,0.00122390443797789
0.035141464723359,0.109753683892158,0.0937391355420334,0.00098047272135808
0.00654318439251463,0.101288442601228,0.173090595975868,0.00739104209478949
0.00281656220125218,0.0828711246125035,0.133829324837626,0.00514707091256813
0.039545863069231,0.105142300194413,0.171493672485872,0.00641752794299002
0.00504399708014102,0.0962992556702015,0.180061960123547,0.0089424745955388
0.0455808779747352,0.0988080358200567,0.125124062128337,0.00257076016929386
0.0526057016731445,0.11426602857146,0.0295861587587336,0.00613136407197038
0.895135018722723,0.0468912755138727,0.012190922496389,0.764838269287835
0.933863059877481,0.0479865593617214,0.0163820116608476,0.832426872243062
0.774131637031146,0.0489408095185346,0.0458676692226723,0.564953978637178
0.0751075641111709,0.115184736774107,0.0212813071122076,0.00884712223897635
0.0555116500597304,0.119110357825184,0.120140659429648,0.00149286760122307
0.0484835333850526,0.126207176262745,0.12467887568144,0.00114092989794329
0.022378096382171,0.122039992455886,0.107841109504649,0.000442138284007993
0.0626405616338585,0.113156328219582,0.092021406928952,0.00184964692582188
0.021733381635845,0.116454827519557,0.121668503684508,0.00109223617823791
0.0714527961717908,0.116920411831159,0.0113411287627091,0.0101113971495739
0.569052905442151,0.00715342389635647,0.286671048372508,0.343072327948577
0.0736996387268034,0.107298066271583,0.0113972561960415,0.0108295211040208
