"V1","V2","V3","V4","V5"
0.52734375,0.16796875,0.76171875,-0.16796875,0.01114013671875
0.705447196960449,-0.0277652740478516,0.515470504760742,0.0251255035400391,0.14772875836632
0.774096488952637,-0.217920303344727,0.187192916870117,0.210519790649414,0.636464570436401
0.52734375,0.16796875,0.76171875,-0.16796875,0.01114013671875
0.268481731414795,-0.218365669250488,0.48137038666755,0.218591690063477,0.507952106429235
0.52734375,0.16796875,0.76171875,-0.16796875,0.01114013671875
0.49093562936423,-0.241712470671132,0.132217316681363,0.245804665265837,0.728123918737869
0.52734375,0.16796875,0.76171875,-0.16796875,0.01114013671875
0.0666212288082306,0.153101559844799,0.726957321166992,-0.149519662139937,0.289967338921999
0.52734375,0.16796875,0.76171875,-0.16796875,0.01114013671875
0.52734375,0.16796875,0.76171875,-0.16796875,0.01114013671875
0.52734375,0.16796875,0.76171875,-0.16796875,0.01114013671875
0.52734375,0.16796875,0.76171875,-0.16796875,0.01114013671875
0.52734375,0.16796875,0.76171875,-0.16796875,0.01114013671875
0.52734375,0.16796875,0.76171875,-0.16796875,0.01114013671875
0.513581607865717,-0.187069175299257,0.309551893733442,0.186745549086481,0.459312528391267
0.52734375,0.16796875,0.76171875,-0.16796875,0.01114013671875
0.232321772883495,-0.275803804397583,0.590583255980164,0.274147629737854,0.598364537632677
0.52734375,0.16796875,0.76171875,-0.16796875,0.01114013671875
0.52734375,0.16796875,0.76171875,-0.16796875,0.01114013671875
0.52734375,0.16796875,0.76171875,-0.16796875,0.01114013671875
0.618130683898926,-0.181173324584961,0.133197784423828,0.182066917419434,0.61286170604224
0.52734375,0.16796875,0.76171875,-0.16796875,0.01114013671875
0.52734375,0.16796875,0.76171875,-0.16796875,0.01114013671875
-0.0885848999023438,0.248281478881836,0.661200523376465,-0.24256706237793,0.479797619762285
0.683319655247033,0.251785392872989,0.131825932301581,-0.25573177007027,0.335551693265627
0.52734375,0.16796875,0.76171875,-0.16796875,0.01114013671875
0.52734375,0.16796875,0.76171875,-0.16796875,0.01114013671875
0.469106674194336,-0.258638381958008,0.206014633178711,0.262099266052246,0.685039502465115
0.36818853181785,0.182726245667482,0.458738873988978,-0.186075411956381,0.112435764445795
0.0132049573585391,0.288094542222098,0.520458567421883,-0.287221415201202,0.391931771719818
0.52734375,0.16796875,0.76171875,-0.16796875,0.01114013671875
0.52734375,0.16796875,0.76171875,-0.16796875,0.01114013671875
0.891081809997559,0.0257587432861328,0.702825546264648,-0.0240840911865234,0.146043026338048
0.52734375,0.16796875,0.76171875,-0.16796875,0.01114013671875
0.52734375,0.16796875,0.76171875,-0.16796875,0.01114013671875
0.52734375,0.16796875,0.76171875,-0.16796875,0.01114013671875
0.917108058929443,-0.308276653289795,-0.366929054260254,0.305994033813477,1.75327024639699
0.52734375,0.16796875,0.76171875,-0.16796875,0.01114013671875
0.917108058929443,-0.308276653289795,-0.366929054260254,0.305994033813477,1.75327024639699
0.52734375,0.16796875,0.76171875,-0.16796875,0.01114013671875
0.52734375,0.16796875,0.76171875,-0.16796875,0.01114013671875
0.52734375,0.16796875,0.76171875,-0.16796875,0.01114013671875
0.891081809997559,0.0257587432861328,0.702825546264648,-0.0240840911865234,0.146043026338048
0.52734375,0.16796875,0.76171875,-0.16796875,0.01114013671875
0.52734375,0.16796875,0.76171875,-0.16796875,0.01114013671875
0.52734375,0.16796875,0.76171875,-0.16796875,0.01114013671875
0.52734375,0.16796875,0.76171875,-0.16796875,0.01114013671875
0.52734375,0.16796875,0.76171875,-0.16796875,0.01114013671875
0.917108058929443,-0.308276653289795,-0.366929054260254,0.305994033813477,1.75327024639699
0.72016553604044,-0.192920391098596,0.681671829312108,0.193209643592127,0.323775935447572
0.52734375,0.16796875,0.76171875,-0.16796875,0.01114013671875
0.52734375,0.16796875,0.76171875,-0.16796875,0.01114013671875
0.891081809997559,0.0257587432861328,0.702825546264648,-0.0240840911865234,0.146043026338048
0.917108058929443,-0.308276653289795,-0.366929054260254,0.305994033813477,1.75327024639699
0.511571377080628,-0.215444087982178,0.706520839043748,0.217125415802002,0.354449545440587
0.891081809997559,0.0257587432861328,0.702825546264648,-0.0240840911865234,0.146043026338048
0.52734375,0.16796875,0.76171875,-0.16796875,0.01114013671875
0.52734375,0.16796875,0.76171875,-0.16796875,0.01114013671875
0.896831009161296,-0.278381384846108,-0.293924519212879,0.274880125772082,1.53035448111286
0.52734375,0.16796875,0.76171875,-0.16796875,0.01114013671875
0.889342784881592,-0.00524187088012695,0.695262908935547,0.00486135482788086,0.167834087459078
0.840700387954712,0.157112665066961,0.199667453765869,-0.160724982198573,0.311651184103639
0.52734375,0.16796875,0.76171875,-0.16796875,0.01114013671875
0.52734375,0.16796875,0.76171875,-0.16796875,0.01114013671875
0.698878459632397,0.245985121902777,-0.114971243834589,-0.245387513947207,0.678129735915293
0.52734375,0.16796875,0.76171875,-0.16796875,0.01114013671875
0.52734375,0.16796875,0.76171875,-0.16796875,0.01114013671875
0.52734375,0.16796875,0.76171875,-0.16796875,0.01114013671875
-0.042018158652354,0.269598007202148,0.696496497286716,-0.274108648300171,0.42253556493001
0.655448475673313,0.231650136910904,-0.0248658906895153,-0.227166067652117,0.530244819337757
0.10008021748691,0.243793682846022,0.742925897957166,-0.24240675783949,0.255478641431039
0.52734375,0.16796875,0.76171875,-0.16796875,0.01114013671875
0.52734375,0.16796875,0.76171875,-0.16796875,0.01114013671875
0.889342784881592,-0.00524187088012695,0.695262908935547,0.00486135482788086,0.167834087459078
0.844568578039663,-0.234555125736485,0.452095973682514,0.236533366813092,0.500669733273789
0.52734375,0.16796875,0.76171875,-0.16796875,0.01114013671875
0.52734375,0.16796875,0.76171875,-0.16796875,0.01114013671875
0.52734375,0.16796875,0.76171875,-0.16796875,0.01114013671875
0.52734375,0.16796875,0.76171875,-0.16796875,0.01114013671875
0.52734375,0.16796875,0.76171875,-0.16796875,0.01114013671875
0.614662374595969,0.321651498329757,0.109563972242075,-0.321435639447255,0.378375389677188
0.52734375,0.16796875,0.76171875,-0.16796875,0.01114013671875
0.52734375,0.16796875,0.76171875,-0.16796875,0.01114013671875
0.383584470003202,0.170300523409537,0.925743570640196,-0.16986959282076,0.0995857416557143
0.661836805029345,0.147405187379928,0.780640321891724,-0.146590792644179,0.0159454097159557
0.52734375,0.16796875,0.76171875,-0.16796875,0.01114013671875
0.52734375,0.16796875,0.76171875,-0.16796875,0.01114013671875
0.662442207336426,0.227241277694702,0.352020176593214,-0.234611505089561,0.126929030250267
0.52734375,0.16796875,0.76171875,-0.16796875,0.01114013671875
0.75612030400387,0.216987972866196,-0.594239043304697,-0.220057208205187,1.70011913335961
0.52734375,0.16796875,0.76171875,-0.16796875,0.01114013671875
0.240322351455688,-0.204731702804565,0.0852770805358887,0.208176612854004,0.837668177112896
0.472097314865096,-0.167206697437403,0.28936373588904,0.172044013764999,0.45823874508898
0.52734375,0.16796875,0.76171875,-0.16796875,0.01114013671875
0.25994877719495,-0.104150281161351,0.830032895086054,0.103209257125854,0.316986635073012
0.598668480233755,-0.0728911499318201,0.389394426612895,0.073217839730205,0.245595162821971
0.52734375,0.16796875,0.76171875,-0.16796875,0.01114013671875
0.748191881750245,0.252857156927348,-0.228642362606479,-0.246598004596308,0.889302724514821
0.76022232658579,-0.199835906314547,0.0481227977585448,0.200520302110817,0.770900345120026
0.52734375,0.16796875,0.76171875,-0.16796875,0.01114013671875
0.65480460395338,0.0645254320988897,-0.0925052165985107,-0.0605680644512177,0.668862686149212
0.8125,-0.1875,-0.4375,0.1875,1.639375
0.232041187628056,0.180185162569614,0.38767134665391,-0.177188915815343,0.233855848647226
0.813262566752673,0.260744243525881,-0.225942078101977,-0.265797088820253,0.910868774396497
0.879093589655753,-0.0266871453627395,0.272200412582606,0.0188378476842423,0.360182784233206
0.727608720691372,-0.0723629495769273,0.671959164084914,0.0748091189598199,0.166771902241022
-0.545125990446724,0.222368569918277,0.87722294870764,-0.219745481391886,1.34361174450081
0.745264542463701,0.276668030011933,-0.456590501328064,-0.275025342954905,1.3703101639709
0.207202095541637,-0.261952564910057,0.118964772824179,0.262662172317505,0.919348586886672
0.240322351455688,-0.204731702804565,0.0852770805358887,0.208176612854004,0.837668177112896
0.645560844600354,0.187353009532671,-0.0500852102360749,-0.182759816423641,0.565160783473222
0.52734375,0.16796875,0.76171875,-0.16796875,0.01114013671875
0.825604456331348,0.257769603471388,-0.190492794769709,-0.251446988870157,0.849858908002377
0.52734375,0.16796875,0.76171875,-0.16796875,0.01114013671875
0.167549866047921,-0.175142049789429,0.474120139144361,0.18132472038269,0.524174929790485
0.625296551756543,0.129701407015091,0.120330370971606,-0.123817873695923,0.347402402892555
0.52734375,0.16796875,0.76171875,-0.16796875,0.01114013671875
-0.33764302564102,-0.220234517483558,0.837998899800343,0.223193881358904,1.2539082507836
0.660549402236938,0.297404527664185,-0.194874286651611,-0.297438621520996,0.823448145994876
0.52734375,0.16796875,0.76171875,-0.16796875,0.01114013671875
0.52734375,0.16796875,0.76171875,-0.16796875,0.01114013671875
0.52734375,0.16796875,0.76171875,-0.16796875,0.01114013671875
0.42138282888302,0.239232006127385,0.365025292788917,-0.236223666573286,0.146963452613775
0.52734375,0.16796875,0.76171875,-0.16796875,0.01114013671875
0.591071590649135,0.0773846476947435,0.626515981704138,-0.0734133878868306,0.0365383124256754
0.52734375,0.16796875,0.76171875,-0.16796875,0.01114013671875
0.366360127263761,-0.102906903858506,0.779187891307237,0.102293832904304,0.243992466079014
0.52734375,0.16796875,0.76171875,-0.16796875,0.01114013671875
0.52734375,0.16796875,0.76171875,-0.16796875,0.01114013671875
0.52734375,0.16796875,0.76171875,-0.16796875,0.01114013671875
0.52734375,0.16796875,0.76171875,-0.16796875,0.01114013671875
0.880291987766913,0.216818448112463,0.341391828973428,-0.220417569114943,0.207863156058825
0.52734375,0.16796875,0.76171875,-0.16796875,0.01114013671875
0.52734375,0.16796875,0.76171875,-0.16796875,0.01114013671875
0.52734375,0.16796875,0.76171875,-0.16796875,0.01114013671875
0.52734375,0.16796875,0.76171875,-0.16796875,0.01114013671875
0.446258483571,0.195178978145123,0.575640083407052,-0.199647665023804,0.039125209120554
0.52734375,0.16796875,0.76171875,-0.16796875,0.01114013671875
0.52734375,0.16796875,0.76171875,-0.16796875,0.01114013671875
0.8314343372815,0.239805435179733,0.092354496174079,-0.236383527517319,0.425703144537236
0.543023534555687,0.178213807816532,0.774621696342365,-0.173834966694519,0.00997396231727108
0.52734375,0.16796875,0.76171875,-0.16796875,0.01114013671875
0.52734375,0.16796875,0.76171875,-0.16796875,0.01114013671875
0.862985014915466,-0.0530202388763428,0.612638711929321,0.0526449680328369,0.204641833876811
0.52734375,0.16796875,0.76171875,-0.16796875,0.01114013671875
0.52734375,0.16796875,0.76171875,-0.16796875,0.01114013671875
0.52734375,0.16796875,0.76171875,-0.16796875,0.01114013671875
0.52734375,0.16796875,0.76171875,-0.16796875,0.01114013671875
0.52734375,0.16796875,0.76171875,-0.16796875,0.01114013671875
0.52734375,0.16796875,0.76171875,-0.16796875,0.01114013671875
0.582920057545124,0.141572265587631,0.441654493249914,-0.14671614240994,0.0732870949204605
0.52734375,0.16796875,0.76171875,-0.16796875,0.01114013671875
0.509774098276885,-0.108524580407294,0.634178904254344,0.111800491649774,0.204880093295445
0.52734375,0.16796875,0.76171875,-0.16796875,0.01114013671875
0.083542380205472,-0.214691023124033,0.585924983024597,0.212937235832214,0.622227387938174
0.52734375,0.16796875,0.76171875,-0.16796875,0.01114013671875
0.52734375,0.16796875,0.76171875,-0.16796875,0.01114013671875
0.315178751945496,-0.220747709274292,0.932948350906372,0.218512773513794,0.487569653987096
0.787163718065131,0.226868744466628,0.182826005155221,-0.227661514785723,0.303986287133125
0.52734375,0.16796875,0.76171875,-0.16796875,0.01114013671875
0.52734375,0.16796875,0.76171875,-0.16796875,0.01114013671875
0.52734375,0.16796875,0.76171875,-0.16796875,0.01114013671875
0.52734375,0.16796875,0.76171875,-0.16796875,0.01114013671875
0.348676443099976,0.0450052669766592,0.891952221390678,-0.0455116268048084,0.147899210267169
0.52734375,0.16796875,0.76171875,-0.16796875,0.01114013671875
0.52734375,0.16796875,0.76171875,-0.16796875,0.01114013671875
0.52734375,0.16796875,0.76171875,-0.16796875,0.01114013671875
0.52734375,0.16796875,0.76171875,-0.16796875,0.01114013671875
0.738847678195725,0.291623854078894,0.195906722893957,-0.291514048174328,0.290158461413377
0.56026294542795,-0.220221405609226,0.169558699389802,0.215980003813234,0.632572400203752
0.52734375,0.16796875,0.76171875,-0.16796875,0.01114013671875
0.52734375,0.16796875,0.76171875,-0.16796875,0.01114013671875
0.52734375,0.16796875,0.76171875,-0.16796875,0.01114013671875
0.526235088982503,0.273360065125559,0.0667478416860785,-0.267849272488451,0.416434781039097
0.52734375,0.16796875,0.76171875,-0.16796875,0.01114013671875
0.52734375,0.16796875,0.76171875,-0.16796875,0.01114013671875
0.52734375,0.16796875,0.76171875,-0.16796875,0.01114013671875
0.52734375,0.16796875,0.76171875,-0.16796875,0.01114013671875
0.52734375,0.16796875,0.76171875,-0.16796875,0.01114013671875
0.52734375,0.16796875,0.76171875,-0.16796875,0.01114013671875
0.52734375,0.16796875,0.76171875,-0.16796875,0.01114013671875
0.55398244471589,0.25327693442694,0.243959432527715,-0.254176844815555,0.215864176830871
0.52734375,0.16796875,0.76171875,-0.16796875,0.01114013671875
0.52734375,0.16796875,0.76171875,-0.16796875,0.01114013671875
0.52734375,0.16796875,0.76171875,-0.16796875,0.01114013671875
-0.0500595346926627,-0.289147024143007,0.830055245044397,0.290806129385601,0.919647233278833
0.52734375,0.16796875,0.76171875,-0.16796875,0.01114013671875
0.52734375,0.16796875,0.76171875,-0.16796875,0.01114013671875
0.52734375,0.16796875,0.76171875,-0.16796875,0.01114013671875
0.52734375,0.16796875,0.76171875,-0.16796875,0.01114013671875
0.52734375,0.16796875,0.76171875,-0.16796875,0.01114013671875
0.52734375,0.16796875,0.76171875,-0.16796875,0.01114013671875
0.52734375,0.16796875,0.76171875,-0.16796875,0.01114013671875
0.52734375,0.16796875,0.76171875,-0.16796875,0.01114013671875
0.52734375,0.16796875,0.76171875,-0.16796875,0.01114013671875
0.615779804968161,0.270032270074855,0.220130169490229,-0.270866298664735,0.240450607616587
0.52734375,0.16796875,0.76171875,-0.16796875,0.01114013671875
0.52734375,0.16796875,0.76171875,-0.16796875,0.01114013671875
0.904943018478715,-0.282066775296698,-0.115078210830688,0.277587565622525,1.21782099297207
0.52734375,0.16796875,0.76171875,-0.16796875,0.01114013671875
0.385348219977459,0.271619727538233,0.70003999677283,-0.270186358448735,0.0561308985515322
0.52734375,0.16796875,0.76171875,-0.16796875,0.01114013671875
0.52734375,0.16796875,0.76171875,-0.16796875,0.01114013671875
0.702907919883728,0.272777507525461,0.132445406205079,-0.276311399687434,0.343828252236387
0.52734375,0.16796875,0.76171875,-0.16796875,0.01114013671875
0.52734375,0.16796875,0.76171875,-0.16796875,0.01114013671875
0.224164038998424,0.275086885565543,0.877352118492126,-0.275509238243103,0.18404612895961
0.527741794989657,-0.0171592407051002,0.667438909123161,0.014495849609375,0.0994480781536698
0.52734375,0.16796875,0.76171875,-0.16796875,0.01114013671875
0.705240993054758,-0.245172799332067,0.0391077146196039,0.244097420662001,0.843255619798266
-0.271092836090247,-0.200536608695984,0.870426152134314,0.198845988532412,1.10735549989314
0.52734375,0.16796875,0.76171875,-0.16796875,0.01114013671875
0.75414362108495,0.205754940978025,0.311924927111249,-0.204992429800034,0.174420561819758
0.612103576109836,0.0461204179768755,0.183649764483299,-0.0477329236446402,0.31362825057822
0.52734375,0.16796875,0.76171875,-0.16796875,0.01114013671875
0.52734375,0.16796875,0.76171875,-0.16796875,0.01114013671875
0.52734375,0.16796875,0.76171875,-0.16796875,0.01114013671875
0.52734375,0.16796875,0.76171875,-0.16796875,0.01114013671875
0.244503395353305,0.201458328918348,0.284766967535141,-0.20569159602943,0.298830828153888
0.104923899564563,-0.204411186738003,0.47908980554173,0.202724858119088,0.619637378543828
0.52734375,0.16796875,0.76171875,-0.16796875,0.01114013671875
0.535349610203411,0.0976233005931135,0.870878073318023,-0.0978104047275035,0.054302690805135
0.52734375,0.16796875,0.76171875,-0.16796875,0.01114013671875
0.52734375,0.16796875,0.76171875,-0.16796875,0.01114013671875
0.52734375,0.16796875,0.76171875,-0.16796875,0.01114013671875
0.608043789863586,-0.215859651565552,0.284312009811401,0.212826490402222,0.516226168720444
0.588631640712435,0.00756745626456024,0.590277490750365,-0.00229142213670475,0.088287234278146
0.0324997873540269,0.194196234937408,0.644168138504028,-0.199845194816589,0.325207395764877
0.373365984784772,0.15500073438862,0.408399061391935,-0.157954201942348,0.140186867289549
0.873818848282099,-0.232211634516716,0.297952204244211,0.233816930471221,0.611623217921707
0.52734375,0.16796875,0.76171875,-0.16796875,0.01114013671875
0.52734375,0.16796875,0.76171875,-0.16796875,0.01114013671875
0.906510353088379,0.0722649097442627,0.124317169189453,-0.0741287469863892,0.457519143858265
0.52734375,0.16796875,0.76171875,-0.16796875,0.01114013671875
0.469731092453003,0.276482105255127,0.237759113311768,-0.26845121383667,0.241171706699781
0.521729603608303,0.243275204028739,0.346319632599375,-0.244300494882042,0.135051334366477
0.869705586684485,-0.102393388748169,0.0969892851535405,0.102483034133911,0.619300773205918
0.52734375,0.16796875,0.76171875,-0.16796875,0.01114013671875
0.52734375,0.16796875,0.76171875,-0.16796875,0.01114013671875
0.52734375,0.16796875,0.76171875,-0.16796875,0.01114013671875
0.430533111095428,-0.229349732398987,0.441053748130798,0.22985851764679,0.464891725696679
0.290337708394873,0.239649970084429,0.62117626800682,-0.236444471880532,0.105004235225818
0.890869340862527,0.153681215183489,0.0673735117042478,-0.156873343161425,0.488826585504167
0.245949526122786,0.174130432330786,0.59875878402454,-0.172597923122727,0.13702163021345
0.306941465185919,0.17765531409168,0.328803774138578,-0.178997686016373,0.224610325102148
0.475084516789751,-0.0632517507799152,0.641653294009821,0.0625506603575121,0.157242549588411
0.52734375,0.16796875,0.76171875,-0.16796875,0.01114013671875
0.52734375,0.16796875,0.76171875,-0.16796875,0.01114013671875
0.448176026344299,0.0176365971565247,0.841049373149872,-0.0226141810417175,0.107667584106731
0.52734375,0.16796875,0.76171875,-0.16796875,0.01114013671875
0.52734375,0.16796875,0.76171875,-0.16796875,0.01114013671875
0.52734375,0.16796875,0.76171875,-0.16796875,0.01114013671875
0.52734375,0.16796875,0.76171875,-0.16796875,0.01114013671875
0.862100329701207,0.10937283118561,0.143893640284659,-0.114773872870501,0.393427642618135
0.767888596883915,-0.0362064199835004,0.226158911251332,0.0277241981602856,0.360363741619339
0.52734375,0.16796875,0.76171875,-0.16796875,0.01114013671875
0.52734375,0.16796875,0.76171875,-0.16796875,0.01114013671875
0.52734375,0.16796875,0.76171875,-0.16796875,0.01114013671875
0.52734375,0.16796875,0.76171875,-0.16796875,0.01114013671875
0.497081481382338,-0.129557843349712,0.745367267732379,0.1301822333095,0.230279089762518
0.52734375,0.16796875,0.76171875,-0.16796875,0.01114013671875
0.366670872229222,-0.259886270635022,0.576475925046885,0.255901192757518,0.489041958435611
0.52734375,0.16796875,0.76171875,-0.16796875,0.01114013671875
0.663168787956238,0.0589498281478882,0.769890785217285,-0.059923529624939,0.0483915861623945
0.52734375,0.16796875,0.76171875,-0.16796875,0.01114013671875
0.52734375,0.16796875,0.76171875,-0.16796875,0.01114013671875
0.52734375,0.16796875,0.76171875,-0.16796875,0.01114013671875
0.742086346164251,0.17730408886446,0.0577061215181471,-0.171716941241818,0.43404499189656
0.240427475079221,0.230722356254319,0.761247081522227,-0.226246269447107,0.134676335506602
0.52734375,0.16796875,0.76171875,-0.16796875,0.01114013671875
0.52734375,0.16796875,0.76171875,-0.16796875,0.01114013671875
0.52734375,0.16796875,0.76171875,-0.16796875,0.01114013671875
0.52734375,0.16796875,0.76171875,-0.16796875,0.01114013671875
0.52734375,0.16796875,0.76171875,-0.16796875,0.01114013671875
0.52734375,0.16796875,0.76171875,-0.16796875,0.01114013671875
0.52734375,0.16796875,0.76171875,-0.16796875,0.01114013671875
0.52734375,0.16796875,0.76171875,-0.16796875,0.01114013671875
0.52734375,0.16796875,0.76171875,-0.16796875,0.01114013671875
0.52734375,0.16796875,0.76171875,-0.16796875,0.01114013671875
0.52734375,0.16796875,0.76171875,-0.16796875,0.01114013671875
0.52734375,0.16796875,0.76171875,-0.16796875,0.01114013671875
0.616685032844543,0.231621026992798,0.195863008499146,-0.240073442459106,0.257038266659159
0.52734375,0.16796875,0.76171875,-0.16796875,0.01114013671875
0.52734375,0.16796875,0.76171875,-0.16796875,0.01114013671875
0.52734375,0.16796875,0.76171875,-0.16796875,0.01114013671875
0.52734375,0.16796875,0.76171875,-0.16796875,0.01114013671875
0.461952230429256,-0.273136553816585,0.690033462007705,0.273520540513346,0.467236419408494
0.52734375,0.16796875,0.76171875,-0.16796875,0.01114013671875
0.52734375,0.16796875,0.76171875,-0.16796875,0.01114013671875
0.648023319930871,0.305602451337109,0.192384449072051,-0.301429746401482,0.281419657984543
0.474344638623808,-0.219437479972839,0.575889599338066,0.223072409629822,0.386110724790997
0.52734375,0.16796875,0.76171875,-0.16796875,0.01114013671875
0.52734375,0.16796875,0.76171875,-0.16796875,0.01114013671875
0.52734375,0.16796875,0.76171875,-0.16796875,0.01114013671875
0.52734375,0.16796875,0.76171875,-0.16796875,0.01114013671875
0.143814659533956,0.262962780871594,0.740131916509199,-0.262337470130625,0.217565907536193
0.515424609184265,0.194857001304626,0.549698829650879,-0.201272368431091,0.0297715078969548
0.52734375,0.16796875,0.76171875,-0.16796875,0.01114013671875
0.52734375,0.16796875,0.76171875,-0.16796875,0.01114013671875
0.52734375,0.16796875,0.76171875,-0.16796875,0.01114013671875
0.924615561962128,-0.203208982944489,-0.0703321695327759,0.204252481460571,1.02478446717922
0.407561725169217,0.239030225606257,0.543062357639428,-0.23686998967969,0.0645446678593986
0.52734375,0.16796875,0.76171875,-0.16796875,0.01114013671875
0.564112664415006,0.156350959920019,0.634271911221632,-0.159748628933812,0.0091334940824587
0.52734375,0.16796875,0.76171875,-0.16796875,0.01114013671875
0.52734375,0.16796875,0.76171875,-0.16796875,0.01114013671875
0.924615561962128,-0.203208982944489,-0.0703321695327759,0.204252481460571,1.02478446717922
0.800573800649695,-0.198582768465712,0.304436850186406,0.200113638402399,0.515659201950913
0.52734375,0.16796875,0.76171875,-0.16796875,0.01114013671875
0.52734375,0.16796875,0.76171875,-0.16796875,0.01114013671875
0.924615561962128,-0.203208982944489,-0.0703321695327759,0.204252481460571,1.02478446717922
0.52734375,0.16796875,0.76171875,-0.16796875,0.01114013671875
0.52734375,0.16796875,0.76171875,-0.16796875,0.01114013671875
0.52734375,0.16796875,0.76171875,-0.16796875,0.01114013671875
0.52734375,0.16796875,0.76171875,-0.16796875,0.01114013671875
0.924615561962128,-0.203208982944489,-0.0703321695327759,0.204252481460571,1.02478446717922
0.926746308803558,0.267765700817108,-0.408382534980774,-0.27099198102951,1.34490704574488
0.523245652905889,0.12243644529315,0.757665641593329,-0.118064754579711,0.0219460454790592
0.52734375,0.16796875,0.76171875,-0.16796875,0.01114013671875
0.52734375,0.16796875,0.76171875,-0.16796875,0.01114013671875
0.52734375,0.16796875,0.76171875,-0.16796875,0.01114013671875
0.52734375,0.16796875,0.76171875,-0.16796875,0.01114013671875
0.52734375,0.16796875,0.76171875,-0.16796875,0.01114013671875
0.52734375,0.16796875,0.76171875,-0.16796875,0.01114013671875
0.52734375,0.16796875,0.76171875,-0.16796875,0.01114013671875
0.52734375,0.16796875,0.76171875,-0.16796875,0.01114013671875
0.52734375,0.16796875,0.76171875,-0.16796875,0.01114013671875
0.933474446315813,0.203462359584591,0.0758051100820012,-0.200169911904595,0.500836483749329
0.646932292591373,0.270682774438205,0.159432047824373,-0.267766070021637,0.304004645855693
0.52734375,0.16796875,0.76171875,-0.16796875,0.01114013671875
0.52734375,0.16796875,0.76171875,-0.16796875,0.01114013671875
0.52734375,0.16796875,0.76171875,-0.16796875,0.01114013671875
0.52734375,0.16796875,0.76171875,-0.16796875,0.01114013671875
0.52734375,0.16796875,0.76171875,-0.16796875,0.01114013671875
0.52734375,0.16796875,0.76171875,-0.16796875,0.01114013671875
0.52734375,0.16796875,0.76171875,-0.16796875,0.01114013671875
0.52734375,0.16796875,0.76171875,-0.16796875,0.01114013671875
0.52734375,0.16796875,0.76171875,-0.16796875,0.01114013671875
0.52734375,0.16796875,0.76171875,-0.16796875,0.01114013671875
0.52734375,0.16796875,0.76171875,-0.16796875,0.01114013671875
0.52734375,0.16796875,0.76171875,-0.16796875,0.01114013671875
0.578058909826376,-0.205191886251275,0.470986038512958,0.205589714775232,0.381612287409316
0.52734375,0.16796875,0.76171875,-0.16796875,0.01114013671875
0.52734375,0.16796875,0.76171875,-0.16796875,0.01114013671875
0.52734375,0.16796875,0.76171875,-0.16796875,0.01114013671875
0.52734375,0.16796875,0.76171875,-0.16796875,0.01114013671875
0.841278832066552,0.140030826541988,0.439682555496606,-0.142184998063385,0.132919522930345
0.52734375,0.16796875,0.76171875,-0.16796875,0.01114013671875
0.52734375,0.16796875,0.76171875,-0.16796875,0.01114013671875
0.673595070838928,0.174866914749146,0.653297662734985,-0.176916360855103,0.0087618691282006
0.338021175544782,0.176468845569616,0.597534537993852,-0.178033012538435,0.0801683391340346
0.52734375,0.16796875,0.76171875,-0.16796875,0.01114013671875
0.287408198246339,-0.140762686729431,0.938720409230882,0.142707242841425,0.388268531269991
0.8554239701607,-0.00767171382904053,0.472344279289246,0.00704270855749201,0.203062755596501
0.52734375,0.16796875,0.76171875,-0.16796875,0.01114013671875
0.52734375,0.16796875,0.76171875,-0.16796875,0.01114013671875
0.52734375,0.16796875,0.76171875,-0.16796875,0.01114013671875
0.673595070838928,0.174866914749146,0.653297662734985,-0.176916360855103,0.0087618691282006
0.52734375,0.16796875,0.76171875,-0.16796875,0.01114013671875
0.52734375,0.16796875,0.76171875,-0.16796875,0.01114013671875
0.52734375,0.16796875,0.76171875,-0.16796875,0.01114013671875
0.52734375,0.16796875,0.76171875,-0.16796875,0.01114013671875
0.52734375,0.16796875,0.76171875,-0.16796875,0.01114013671875
0.52734375,0.16796875,0.76171875,-0.16796875,0.01114013671875
0.52734375,0.16796875,0.76171875,-0.16796875,0.01114013671875
0.52734375,0.16796875,0.76171875,-0.16796875,0.01114013671875
0.52734375,0.16796875,0.76171875,-0.16796875,0.01114013671875
0.52734375,0.16796875,0.76171875,-0.16796875,0.01114013671875
0.52734375,0.16796875,0.76171875,-0.16796875,0.01114013671875
0.52734375,0.16796875,0.76171875,-0.16796875,0.01114013671875
0.52734375,0.16796875,0.76171875,-0.16796875,0.01114013671875
0.52734375,0.16796875,0.76171875,-0.16796875,0.01114013671875
0.361316747601454,0.248809078297923,0.683750901098392,-0.248148813710945,0.0619343625767262
0.52734375,0.16796875,0.76171875,-0.16796875,0.01114013671875
0.52734375,0.16796875,0.76171875,-0.16796875,0.01114013671875
0.52734375,0.16796875,0.76171875,-0.16796875,0.01114013671875
0.586213434847064,-0.232308440779833,0.646878071089554,0.229271950353896,0.374177004040011
0.52734375,0.16796875,0.76171875,-0.16796875,0.01114013671875
0.52734375,0.16796875,0.76171875,-0.16796875,0.01114013671875
0.403650403368374,0.192668021634745,0.938038156098628,-0.19234208229318,0.09532772946659
0.52734375,0.16796875,0.76171875,-0.16796875,0.01114013671875
0.52734375,0.16796875,0.76171875,-0.16796875,0.01114013671875
0.52734375,0.16796875,0.76171875,-0.16796875,0.01114013671875
0.52734375,0.16796875,0.76171875,-0.16796875,0.01114013671875
0.52734375,0.16796875,0.76171875,-0.16796875,0.01114013671875
0.52734375,0.16796875,0.76171875,-0.16796875,0.01114013671875
0.52734375,0.16796875,0.76171875,-0.16796875,0.01114013671875
0.320434480442737,0.247883309910321,0.780445671263778,-0.242451636020633,0.088723338519198
0.52734375,0.16796875,0.76171875,-0.16796875,0.01114013671875
0.52734375,0.16796875,0.76171875,-0.16796875,0.01114013671875
0.52734375,0.16796875,0.76171875,-0.16796875,0.01114013671875
0.52734375,0.16796875,0.76171875,-0.16796875,0.01114013671875
0.550046436912453,-0.259193398622301,0.228069229138325,0.256906656059073,0.644836280640619
0.52734375,0.16796875,0.76171875,-0.16796875,0.01114013671875
0.68742034189788,-0.123894046377245,0.470844912472128,0.120262884900512,0.267630039040873
0.71091915212907,0.173518778065276,0.609944626547076,-0.171587352352382,0.0219215622582812
0.52734375,0.16796875,0.76171875,-0.16796875,0.01114013671875
0.826468445240133,0.225289954024913,0.204808080645604,-0.22089536374915,0.297579191684166
0.487319326155798,-0.263234275886334,0.46290967773212,0.263669096511876,0.498483780587146
0.297157479537618,0.276550551588897,0.221768220764263,-0.269800612479901,0.331151339322121
0.52734375,0.16796875,0.76171875,-0.16796875,0.01114013671875
0.52734375,0.16796875,0.76171875,-0.16796875,0.01114013671875
0.52734375,0.16796875,0.76171875,-0.16796875,0.01114013671875
0.52734375,0.16796875,0.76171875,-0.16796875,0.01114013671875
0.52734375,0.16796875,0.76171875,-0.16796875,0.01114013671875
0.52734375,0.16796875,0.76171875,-0.16796875,0.01114013671875
0.787200944552121,-0.240709221376523,0.294528654557761,0.23873205685776,0.586161641136889
0.52734375,0.16796875,0.76171875,-0.16796875,0.01114013671875
0.0571582913398743,-0.310373126738341,0.412061897048261,0.315919421707804,0.904239049984476
0.52734375,0.16796875,0.76171875,-0.16796875,0.01114013671875
0.52734375,0.16796875,0.76171875,-0.16796875,0.01114013671875
0.52734375,0.16796875,0.76171875,-0.16796875,0.01114013671875
0.52734375,0.16796875,0.76171875,-0.16796875,0.01114013671875
0.430265403274717,0.194590741869044,0.596272696373082,-0.195081487016421,0.0396226386867022
0.52734375,0.16796875,0.76171875,-0.16796875,0.01114013671875
0.52734375,0.16796875,0.76171875,-0.16796875,0.01114013671875
0.52734375,0.16796875,0.76171875,-0.16796875,0.01114013671875
0.52734375,0.16796875,0.76171875,-0.16796875,0.01114013671875
0.52734375,0.16796875,0.76171875,-0.16796875,0.01114013671875
0.556502095849282,0.242522653536469,0.579663018357311,-0.245905766920015,0.0202885723166751
-0.214943566892543,0.297299457146437,0.945850789546967,-0.294104059477831,0.742898386311607
0.741655421366902,-0.204385515309272,0.885319867617045,0.203312623848562,0.380598429283791
0.52734375,0.16796875,0.76171875,-0.16796875,0.01114013671875
0.52734375,0.16796875,0.76171875,-0.16796875,0.01114013671875
0.617076814174652,0.163164258003235,0.552019238471985,-0.156942009925842,0.0254007857624454
0.52734375,0.16796875,0.76171875,-0.16796875,0.01114013671875
0.141269485715129,-0.272150409103371,0.533702903833842,0.274217738082455,0.685896880857879
0.52734375,0.16796875,0.76171875,-0.16796875,0.01114013671875
0.52734375,0.16796875,0.76171875,-0.16796875,0.01114013671875
0.52734375,0.16796875,0.76171875,-0.16796875,0.01114013671875
0.52734375,0.16796875,0.76171875,-0.16796875,0.01114013671875
0.52734375,0.16796875,0.76171875,-0.16796875,0.01114013671875
0.902038802524462,0.149332380548004,0.510500789622727,-0.148819214183991,0.132324069461698
0.52734375,0.16796875,0.76171875,-0.16796875,0.01114013671875
0.52734375,0.16796875,0.76171875,-0.16796875,0.01114013671875
0.52734375,0.16796875,0.76171875,-0.16796875,0.01114013671875
0.521107961980695,0.320093824357887,0.262298017609236,-0.319384191342276,0.226482090842996
0.52734375,0.16796875,0.76171875,-0.16796875,0.01114013671875
0.52734375,0.16796875,0.76171875,-0.16796875,0.01114013671875
0.276788290902914,-0.295109546779713,0.815991848949605,0.295659913484997,0.608732131068574
0.52734375,0.16796875,0.76171875,-0.16796875,0.01114013671875
0.52734375,0.16796875,0.76171875,-0.16796875,0.01114013671875
0.52734375,0.16796875,0.76171875,-0.16796875,0.01114013671875
0.52734375,0.16796875,0.76171875,-0.16796875,0.01114013671875
0.52734375,0.16796875,0.76171875,-0.16796875,0.01114013671875
0.52734375,0.16796875,0.76171875,-0.16796875,0.01114013671875
0.52734375,0.16796875,0.76171875,-0.16796875,0.01114013671875
0.663172661601222,0.227216028804833,0.790743033201579,-0.22930260697467,0.0138244382478229
0.52734375,0.16796875,0.76171875,-0.16796875,0.01114013671875
0.52734375,0.16796875,0.76171875,-0.16796875,0.01114013671875
0.52734375,0.16796875,0.76171875,-0.16796875,0.01114013671875
0.52734375,0.16796875,0.76171875,-0.16796875,0.01114013671875
0.52734375,0.16796875,0.76171875,-0.16796875,0.01114013671875
0.52734375,0.16796875,0.76171875,-0.16796875,0.01114013671875
0.52734375,0.16796875,0.76171875,-0.16796875,0.01114013671875
0.52734375,0.16796875,0.76171875,-0.16796875,0.01114013671875
0.52734375,0.16796875,0.76171875,-0.16796875,0.01114013671875
0.52734375,0.16796875,0.76171875,-0.16796875,0.01114013671875
0.52734375,0.16796875,0.76171875,-0.16796875,0.01114013671875
0.52734375,0.16796875,0.76171875,-0.16796875,0.01114013671875
0.52734375,0.16796875,0.76171875,-0.16796875,0.01114013671875
0.52734375,0.16796875,0.76171875,-0.16796875,0.01114013671875
0.52734375,0.16796875,0.76171875,-0.16796875,0.01114013671875
0.52734375,0.16796875,0.76171875,-0.16796875,0.01114013671875
0.52734375,0.16796875,0.76171875,-0.16796875,0.01114013671875
0.52734375,0.16796875,0.76171875,-0.16796875,0.01114013671875
0.52734375,0.16796875,0.76171875,-0.16796875,0.01114013671875
0.52734375,0.16796875,0.76171875,-0.16796875,0.01114013671875
0.262316789825491,-0.271901427750155,0.634906592778862,0.278735638939757,0.570145871601111
0.52734375,0.16796875,0.76171875,-0.16796875,0.01114013671875
0.52734375,0.16796875,0.76171875,-0.16796875,0.01114013671875
0.52734375,0.16796875,0.76171875,-0.16796875,0.01114013671875
0.52734375,0.16796875,0.76171875,-0.16796875,0.01114013671875
0.52734375,0.16796875,0.76171875,-0.16796875,0.01114013671875
0.52734375,0.16796875,0.76171875,-0.16796875,0.01114013671875
0.52734375,0.16796875,0.76171875,-0.16796875,0.01114013671875
0.52734375,0.16796875,0.76171875,-0.16796875,0.01114013671875
0.52734375,0.16796875,0.76171875,-0.16796875,0.01114013671875
0.52734375,0.16796875,0.76171875,-0.16796875,0.01114013671875
0.52734375,0.16796875,0.76171875,-0.16796875,0.01114013671875
0.52734375,0.16796875,0.76171875,-0.16796875,0.01114013671875
0.52734375,0.16796875,0.76171875,-0.16796875,0.01114013671875
0.52734375,0.16796875,0.76171875,-0.16796875,0.01114013671875
0.408661958762289,0.27344537248273,0.369931514076613,-0.268001670791336,0.155573901393982
0.503540405072272,0.191320123150945,0.794879406690598,-0.19291801100826,0.0184320500977751
0.52734375,0.16796875,0.76171875,-0.16796875,0.01114013671875
0.52734375,0.16796875,0.76171875,-0.16796875,0.01114013671875
0.785273332128307,-0.216499594107518,0.809217983417511,0.211586843326586,0.389130416990984
0.52734375,0.16796875,0.76171875,-0.16796875,0.01114013671875
0.764128676175915,-0.212323473833749,0.811049044132233,0.210918337106705,0.37813463939081
0.52734375,0.16796875,0.76171875,-0.16796875,0.01114013671875
0.52734375,0.16796875,0.76171875,-0.16796875,0.01114013671875
0.568575233221054,-0.274791896343231,0.565626323223114,0.275469481945038,0.470542374071934
0.742888182401657,-0.21749272942543,0.39340740442276,0.220686584711075,0.465693434011802
0.568575233221054,-0.274791896343231,0.565626323223114,0.275469481945038,0.470542374071934
0.52734375,0.16796875,0.76171875,-0.16796875,0.01114013671875
0.568575233221054,-0.274791896343231,0.565626323223114,0.275469481945038,0.470542374071934
0.52734375,0.16796875,0.76171875,-0.16796875,0.01114013671875
0.568575233221054,-0.274791896343231,0.565626323223114,0.275469481945038,0.470542374071934
0.52734375,0.16796875,0.76171875,-0.16796875,0.01114013671875
0.52734375,0.16796875,0.76171875,-0.16796875,0.01114013671875
0.52734375,0.16796875,0.76171875,-0.16796875,0.01114013671875
0.52734375,0.16796875,0.76171875,-0.16796875,0.01114013671875
0.457802444696426,0.263227045536041,0.453700721263885,-0.264700949192047,0.0890673515538116
0.52734375,0.16796875,0.76171875,-0.16796875,0.01114013671875
0.725422505750716,-0.236897111439738,0.523032830570032,0.241699380987159,0.433025613153669
0.78232586623882,-0.18654686726677,0.827314907574873,0.193897481835847,0.354025513980911
0.52734375,0.16796875,0.76171875,-0.16796875,0.01114013671875
0.52734375,0.16796875,0.76171875,-0.16796875,0.01114013671875
0.02734375,-0.33203125,0.26171875,0.33203125,1.08614013671875
0.52734375,0.16796875,0.76171875,-0.16796875,0.01114013671875
0.52734375,0.16796875,0.76171875,-0.16796875,0.01114013671875
0.52734375,0.16796875,0.76171875,-0.16796875,0.01114013671875
0.52734375,0.16796875,0.76171875,-0.16796875,0.01114013671875
0.52734375,0.16796875,0.76171875,-0.16796875,0.01114013671875
0.52734375,0.16796875,0.76171875,-0.16796875,0.01114013671875
0.52734375,0.16796875,0.76171875,-0.16796875,0.01114013671875
0.622805621568659,0.258588719647378,-0.092840894262769,-0.264085352420807,0.636656350455338
0.52734375,0.16796875,0.76171875,-0.16796875,0.01114013671875
0.252531141042709,-0.19996802116566,0.612927000475793,0.197698665748248,0.446454961884335
0.52734375,0.16796875,0.76171875,-0.16796875,0.01114013671875
0.61614026947876,-0.275356281472796,0.0782926041207621,0.275674900971353,0.839010800139541
0.156245559453964,0.257603974611811,-0.00840510804209771,-0.258517079020294,0.705498267032607
0.0971899628639221,0.267864108085632,0.796472191810608,-0.266314387321472,0.271127952369607
0.52734375,0.16796875,0.76171875,-0.16796875,0.01114013671875
0.410435024334356,0.264190590793987,0.394349394451547,-0.25989181004752,0.137064633528501
0.52734375,0.16796875,0.76171875,-0.16796875,0.01114013671875
0.668489894625211,0.218781043894102,0.0122321542864288,-0.220298183725189,0.478480219135553
0.52734375,0.16796875,0.76171875,-0.16796875,0.01114013671875
0.263653218746185,0.272704345513375,0.432134665548801,-0.270967218792521,0.195203262660128
0.696657836437225,-0.21882176399231,-0.00306010246276855,0.215154409408569,0.851401098664692
0.602798655486549,0.258476502219257,0.395382651911035,-0.26003938258016,0.0998237900016915
0.442207486250481,0.270241005868026,0.331213146311711,-0.27387931707601,0.171294173245669
0.835174740097955,0.251128257252276,-0.261205428603716,-0.253802543051279,0.984731846685834
0.52734375,0.16796875,0.76171875,-0.16796875,0.01114013671875
0.791773404133636,0.0646671923712319,0.570657407727251,-0.0637046109030183,0.0903979466186201
0.0971899628639221,0.267864108085632,0.796472191810608,-0.266314387321472,0.271127952369607
0.52734375,0.16796875,0.76171875,-0.16796875,0.01114013671875
0.52734375,0.16796875,0.76171875,-0.16796875,0.01114013671875
0.52734375,0.16796875,0.76171875,-0.16796875,0.01114013671875
0.52734375,0.16796875,0.76171875,-0.16796875,0.01114013671875
0.52734375,0.16796875,0.76171875,-0.16796875,0.01114013671875
0.52734375,0.16796875,0.76171875,-0.16796875,0.01114013671875
0.205469839703858,0.252094889161981,0.331410337809119,-0.249729274103174,0.296699264636915
0.52734375,0.16796875,0.76171875,-0.16796875,0.01114013671875
0.386124657535894,0.197681479752758,0.746179699897766,-0.195838868618011,0.0478979173473015
0.52734375,0.16796875,0.76171875,-0.16796875,0.01114013671875
0.384750340368756,-0.105403240936539,0.411870841368426,0.104565926670148,0.315382371288093
0.870893958060606,0.143154588482695,0.312456460439091,-0.139601428563104,0.230452919811328
0.52734375,0.16796875,0.76171875,-0.16796875,0.01114013671875
0.52734375,0.16796875,0.76171875,-0.16796875,0.01114013671875
0.52734375,0.16796875,0.76171875,-0.16796875,0.01114013671875
0.52734375,0.16796875,0.76171875,-0.16796875,0.01114013671875
0.52734375,0.16796875,0.76171875,-0.16796875,0.01114013671875
0.691215351180745,0.168961733579636,0.585308604749116,-0.164799170412607,0.0236768288216432
0.52734375,0.16796875,0.76171875,-0.16796875,0.01114013671875
0.52734375,0.16796875,0.76171875,-0.16796875,0.01114013671875
0.52734375,0.16796875,0.76171875,-0.16796875,0.01114013671875
0.52734375,0.16796875,0.76171875,-0.16796875,0.01114013671875
0.52734375,0.16796875,0.76171875,-0.16796875,0.01114013671875
0.52734375,0.16796875,0.76171875,-0.16796875,0.01114013671875
0.52734375,0.16796875,0.76171875,-0.16796875,0.01114013671875
0.52734375,0.16796875,0.76171875,-0.16796875,0.01114013671875
0.52734375,0.16796875,0.76171875,-0.16796875,0.01114013671875
0.52734375,0.16796875,0.76171875,-0.16796875,0.01114013671875
0.52734375,0.16796875,0.76171875,-0.16796875,0.01114013671875
0.52734375,0.16796875,0.76171875,-0.16796875,0.01114013671875
0.52734375,0.16796875,0.76171875,-0.16796875,0.01114013671875
0.52734375,0.16796875,0.76171875,-0.16796875,0.01114013671875
0.52734375,0.16796875,0.76171875,-0.16796875,0.01114013671875
0.52734375,0.16796875,0.76171875,-0.16796875,0.01114013671875
0.52734375,0.16796875,0.76171875,-0.16796875,0.01114013671875
0.52734375,0.16796875,0.76171875,-0.16796875,0.01114013671875
0.659800492176541,-0.117867223908297,0.631944167025747,0.115852323062526,0.209009957285537
0.52734375,0.16796875,0.76171875,-0.16796875,0.01114013671875
0.52734375,0.16796875,0.76171875,-0.16796875,0.01114013671875
0.73641575360894,-0.242626321823116,-0.325706851727637,0.248082115465145,1.4673794464841
0.311668761713008,0.24564101863325,0.409463745251742,-0.241882542735766,0.171383468263149
0.52734375,0.16796875,0.76171875,-0.16796875,0.01114013671875
0.284315933072776,-0.233145860873265,0.622071330193648,0.234060915788177,0.481753523096012
0.394975180323754,0.211830918017757,0.77874526100692,-0.211954340522324,0.0485188696927918
0.52734375,0.16796875,0.76171875,-0.16796875,0.01114013671875
0.52734375,0.16796875,0.76171875,-0.16796875,0.01114013671875
0.52734375,0.16796875,0.76171875,-0.16796875,0.01114013671875
0.698495997540393,0.232374357197709,-0.177131684249616,-0.236867705655949,0.781468779770344
0.52734375,0.16796875,0.76171875,-0.16796875,0.01114013671875
0.52734375,0.16796875,0.76171875,-0.16796875,0.01114013671875
0.52734375,0.16796875,0.76171875,-0.16796875,0.01114013671875
0.854062832891941,0.163626613780722,0.436746776769724,-0.158678858402429,0.136880642566191
0.265109867996571,0.23471070915145,0.803548361945642,-0.233449861952067,0.125197390369308
0.52734375,0.16796875,0.76171875,-0.16796875,0.01114013671875
0.52734375,0.16796875,0.76171875,-0.16796875,0.01114013671875
0.52734375,0.16796875,0.76171875,-0.16796875,0.01114013671875
0.603644483296455,-0.242958160889712,0.423190265324761,0.244058811153174,0.470037071531041
0.52734375,0.16796875,0.76171875,-0.16796875,0.01114013671875
0.52734375,0.16796875,0.76171875,-0.16796875,0.01114013671875
0.608117600822563,0.0743471854402742,0.713062539912539,-0.0712989880084933,0.0325891056864999
0.52734375,0.16796875,0.76171875,-0.16796875,0.01114013671875
0.550672477153967,-0.216695719262134,0.758857323258781,0.216602464783136,0.353090325126086
0.52734375,0.16796875,0.76171875,-0.16796875,0.01114013671875
0.52734375,0.16796875,0.76171875,-0.16796875,0.01114013671875
0.52734375,0.16796875,0.76171875,-0.16796875,0.01114013671875
0.52734375,0.16796875,0.76171875,-0.16796875,0.01114013671875
0.52734375,0.16796875,0.76171875,-0.16796875,0.01114013671875
0.549397036313927,0.250135420706101,0.552537862711619,-0.252127677202225,0.0295365970073485
0.325520407986915,0.272569450985429,0.5807601465267,-0.278244747290046,0.100945754782814
0.861798131132067,0.255733661324484,0.0599130198201125,-0.261126180636666,0.485092254623909
0.52734375,0.16796875,0.76171875,-0.16796875,0.01114013671875
0.52734375,0.16796875,0.76171875,-0.16796875,0.01114013671875
0.775704995385614,0.242876630322371,0.341683462028478,-0.242977293952347,0.162948440010624
0.52734375,0.16796875,0.76171875,-0.16796875,0.01114013671875
0.52734375,0.16796875,0.76171875,-0.16796875,0.01114013671875
0.52734375,0.16796875,0.76171875,-0.16796875,0.01114013671875
0.52734375,0.16796875,0.76171875,-0.16796875,0.01114013671875
0.52734375,0.16796875,0.76171875,-0.16796875,0.01114013671875
0.504232756471429,0.25674010621557,0.15987402801602,-0.259403934194779,0.307655697595872
0.342924170196056,-0.0464942455291748,0.800347179174423,0.049607515335083,0.199220863428401
0.52734375,0.16796875,0.76171875,-0.16796875,0.01114013671875
0.52734375,0.16796875,0.76171875,-0.16796875,0.01114013671875
0.52734375,0.16796875,0.76171875,-0.16796875,0.01114013671875
0.52734375,0.16796875,0.76171875,-0.16796875,0.01114013671875
0.841147640182954,0.215415966911223,0.24098080334807,-0.217624614500892,0.269399086332904
0.471456695949862,-0.267118462427936,0.641603945315654,0.271357752237887,0.460311268754615
0.52734375,0.16796875,0.76171875,-0.16796875,0.01114013671875
0.52734375,0.16796875,0.76171875,-0.16796875,0.01114013671875
0.398994437968668,-0.285894883650144,0.725634866008022,0.28843092918396,0.515718992863675
0.52734375,0.16796875,0.76171875,-0.16796875,0.01114013671875
0.52734375,0.16796875,0.76171875,-0.16796875,0.01114013671875
0.52734375,0.16796875,0.76171875,-0.16796875,0.01114013671875
0.52734375,0.16796875,0.76171875,-0.16796875,0.01114013671875
0.0383603572845459,-0.269686937332153,0.812165558338165,0.266143202781677,0.765915505346873
0.52734375,0.16796875,0.76171875,-0.16796875,0.01114013671875
0.52734375,0.16796875,0.76171875,-0.16796875,0.01114013671875
0.52734375,0.16796875,0.76171875,-0.16796875,0.01114013671875
0.52734375,0.16796875,0.76171875,-0.16796875,0.01114013671875
0.450628459453583,0.211090624332428,0.650331974029541,-0.209715664386749,0.0249961660115711
0.52734375,0.16796875,0.76171875,-0.16796875,0.01114013671875
0.450628459453583,0.211090624332428,0.650331974029541,-0.209715664386749,0.0249961660115711
0.52734375,0.16796875,0.76171875,-0.16796875,0.01114013671875
0.63761288260521,0.14990217456716,0.349895334737084,-0.149294913048379,0.129068803532602
0.610870122909546,0.167587220668793,0.369725227355957,-0.170927077531815,0.111095408101958
0.52734375,0.16796875,0.76171875,-0.16796875,0.01114013671875
0.52734375,0.16796875,0.76171875,-0.16796875,0.01114013671875
0.52734375,0.16796875,0.76171875,-0.16796875,0.01114013671875
0.450628459453583,0.211090624332428,0.650331974029541,-0.209715664386749,0.0249961660115711
0.658130139112473,0.203423082828522,0.589356601238251,-0.200622618198395,0.0156331799122588
0.0947690425473411,-0.250621278892109,0.789278602684735,0.248109419189143,0.66709057782226
0.169602622050206,-0.2122740193754,0.313412547111511,0.208667586780393,0.671670825213725
0.359899699687958,-0.213020148184114,0.893325130577978,0.208047882932988,0.432111477895046
0.0383603572845459,-0.269686937332153,0.812165558338165,0.266143202781677,0.765915505346873
0.52734375,0.16796875,0.76171875,-0.16796875,0.01114013671875
0.52734375,0.16796875,0.76171875,-0.16796875,0.01114013671875
0.52734375,0.16796875,0.76171875,-0.16796875,0.01114013671875
0.52734375,0.16796875,0.76171875,-0.16796875,0.01114013671875
0.658130139112473,0.203423082828522,0.589356601238251,-0.200622618198395,0.0156331799122588
0.52734375,0.16796875,0.76171875,-0.16796875,0.01114013671875
0.52734375,0.16796875,0.76171875,-0.16796875,0.01114013671875
0.52734375,0.16796875,0.76171875,-0.16796875,0.01114013671875
0.52734375,0.16796875,0.76171875,-0.16796875,0.01114013671875
0.52734375,0.16796875,0.76171875,-0.16796875,0.01114013671875
0.52734375,0.16796875,0.76171875,-0.16796875,0.01114013671875
0.52734375,0.16796875,0.76171875,-0.16796875,0.01114013671875
0.52734375,0.16796875,0.76171875,-0.16796875,0.01114013671875
0.52734375,0.16796875,0.76171875,-0.16796875,0.01114013671875
0.368690311908722,0.204218447208405,0.84218418598175,-0.207699179649353,0.0737975872123005
0.52734375,0.16796875,0.76171875,-0.16796875,0.01114013671875
0.52734375,0.16796875,0.76171875,-0.16796875,0.01114013671875
0.52734375,0.16796875,0.76171875,-0.16796875,0.01114013671875
0.52734375,0.16796875,0.76171875,-0.16796875,0.01114013671875
0.612703297856116,0.127756416797638,0.191128548100503,-0.132667289789879,0.26886435751288
0.52734375,0.16796875,0.76171875,-0.16796875,0.01114013671875
0.368690311908722,0.204218447208405,0.84218418598175,-0.207699179649353,0.0737975872123005
0.79736698971783,-0.133161877907241,0.437537267082917,0.130094094676679,0.327799363031678
0.109499274194604,-0.223230526296447,0.937205606969655,0.219456926185103,0.651925653307285
0.360308240826726,0.201526324672135,0.542904021061815,-0.203869397885048,0.0821485879211233
0.52734375,0.16796875,0.76171875,-0.16796875,0.01114013671875
0.52734375,0.16796875,0.76171875,-0.16796875,0.01114013671875
0.425482356392016,-0.273440672869128,0.0921189755343453,0.27322018046516,0.848059157762148
0.52734375,0.16796875,0.76171875,-0.16796875,0.01114013671875
0.52734375,0.16796875,0.76171875,-0.16796875,0.01114013671875
0.842019554469836,-0.118418409942374,0.609559678255059,0.118081683386499,0.269319157639325
0.395202925507419,-0.144755940932765,0.849219653300818,0.151106602552584,0.30634085181639
0.883985728025436,0.00761324167251587,0.863987624645233,-0.00374847650527954,0.18306716001268
0.417579472064972,0.277085661888123,0.54006016254425,-0.271786093711853,0.0699534431366028
0.368690311908722,0.204218447208405,0.84218418598175,-0.207699179649353,0.0737975872123005
0.52734375,0.16796875,0.76171875,-0.16796875,0.01114013671875
0.52734375,0.16796875,0.76171875,-0.16796875,0.01114013671875
0.547132920515459,0.210315870843715,0.660500546693895,-0.21378652223575,0.00465162029132701
0.52734375,0.16796875,0.76171875,-0.16796875,0.01114013671875
0.52734375,0.16796875,0.76171875,-0.16796875,0.01114013671875
0.52734375,0.16796875,0.76171875,-0.16796875,0.01114013671875
0.564812407828867,-0.23956530385567,0.636093998595981,0.238202257321518,0.390561018333654
0.52734375,0.16796875,0.76171875,-0.16796875,0.01114013671875
0.52734375,0.16796875,0.76171875,-0.16796875,0.01114013671875
0.52734375,0.16796875,0.76171875,-0.16796875,0.01114013671875
0.52734375,0.16796875,0.76171875,-0.16796875,0.01114013671875
0.52734375,0.16796875,0.76171875,-0.16796875,0.01114013671875
0.52734375,0.16796875,0.76171875,-0.16796875,0.01114013671875
0.52734375,0.16796875,0.76171875,-0.16796875,0.01114013671875
0.52734375,0.16796875,0.76171875,-0.16796875,0.01114013671875
0.52734375,0.16796875,0.76171875,-0.16796875,0.01114013671875
0.252934671540266,-0.261832058429718,0.693575705642416,0.263079702854156,0.54822727516578
0.902991008990284,0.05696506256254,0.760034002095381,-0.0530226528644562,0.137468966835279
0.52734375,0.16796875,0.76171875,-0.16796875,0.01114013671875
0.52734375,0.16796875,0.76171875,-0.16796875,0.01114013671875
0.52734375,0.16796875,0.76171875,-0.16796875,0.01114013671875
0.52734375,0.16796875,0.76171875,-0.16796875,0.01114013671875
0.932650566478503,0.204840689429121,0.0579569710189389,-0.209380221080225,0.522987071263308
0.52734375,0.16796875,0.76171875,-0.16796875,0.01114013671875
0.52734375,0.16796875,0.76171875,-0.16796875,0.01114013671875
0.496167272445746,-0.182211300375535,0.779723140723945,0.177737672266847,0.305908241662579
0.261606723070145,0.287091076374054,0.594014585018158,-0.281563103199005,0.139980313447642
0.52734375,0.16796875,0.76171875,-0.16796875,0.01114013671875
0.905027121305466,-0.301140516996384,-0.194617301225662,0.298585027456284,1.39311050776317
0.363021077852868,-0.217821896076202,0.683515813074337,0.215478832574263,0.403628535118602
0.52734375,0.16796875,0.76171875,-0.16796875,0.01114013671875
0.52734375,0.16796875,0.76171875,-0.16796875,0.01114013671875
-0.150320562415345,-0.289511533463156,0.75786006976328,0.288514673732607,1.04459686190182
0.52734375,0.16796875,0.76171875,-0.16796875,0.01114013671875
0.52734375,0.16796875,0.76171875,-0.16796875,0.01114013671875
0.0865369629891575,0.136829220975667,0.658584864908569,-0.132637477232493,0.273887760587183
0.52734375,0.16796875,0.76171875,-0.16796875,0.01114013671875
0.52734375,0.16796875,0.76171875,-0.16796875,0.01114013671875
0.52734375,0.16796875,0.76171875,-0.16796875,0.01114013671875
0.52734375,0.16796875,0.76171875,-0.16796875,0.01114013671875
0.484455714032265,0.239515066146851,0.567705780267715,-0.236024167075357,0.0337114236604309
0.52734375,0.16796875,0.76171875,-0.16796875,0.01114013671875
0.448500260944911,-0.0676485020289874,0.781719464901016,0.0656857223198131,0.17185486556043
0.52734375,0.16796875,0.76171875,-0.16796875,0.01114013671875
0.171849538458446,0.187526859280752,0.937810717751745,-0.182259400623479,0.240337063301486
0.52734375,0.16796875,0.76171875,-0.16796875,0.01114013671875
0.52734375,0.16796875,0.76171875,-0.16796875,0.01114013671875
0.52734375,0.16796875,0.76171875,-0.16796875,0.01114013671875
0.52734375,0.16796875,0.76171875,-0.16796875,0.01114013671875
0.52734375,0.16796875,0.76171875,-0.16796875,0.01114013671875
0.52734375,0.16796875,0.76171875,-0.16796875,0.01114013671875
0.52734375,0.16796875,0.76171875,-0.16796875,0.01114013671875
0.52734375,0.16796875,0.76171875,-0.16796875,0.01114013671875
0.52734375,0.16796875,0.76171875,-0.16796875,0.01114013671875
0.872881490189008,-0.0666719230072581,0.264261827792325,0.0630887780002806,0.404661682036729
0.52734375,0.16796875,0.76171875,-0.16796875,0.01114013671875
0.572000462708274,-0.090878427028656,0.557637923139737,0.0880048057038039,0.188607962435669
0.52734375,0.16796875,0.76171875,-0.16796875,0.01114013671875
0.52734375,0.16796875,0.76171875,-0.16796875,0.01114013671875
0.52734375,0.16796875,0.76171875,-0.16796875,0.01114013671875
0.52734375,0.16796875,0.76171875,-0.16796875,0.01114013671875
0.52734375,0.16796875,0.76171875,-0.16796875,0.01114013671875
0.52734375,0.16796875,0.76171875,-0.16796875,0.01114013671875
0.303218305110931,0.230958104133606,0.578730463981628,-0.236720681190491,0.10509248742598
0.93755641579628,0.0676274001598358,0.122442305088043,-0.0718764960765839,0.481455362243302
0.750095784664154,0.202676951885223,0.237896800041199,-0.205106377601624,0.236101353149718
0.52734375,0.16796875,0.76171875,-0.16796875,0.01114013671875
0.52734375,0.16796875,0.76171875,-0.16796875,0.01114013671875
0.52734375,0.16796875,0.76171875,-0.16796875,0.01114013671875
0.52734375,0.16796875,0.76171875,-0.16796875,0.01114013671875
0.52734375,0.16796875,0.76171875,-0.16796875,0.01114013671875
0.52734375,0.16796875,0.76171875,-0.16796875,0.01114013671875
0.52734375,0.16796875,0.76171875,-0.16796875,0.01114013671875
0.52734375,0.16796875,0.76171875,-0.16796875,0.01114013671875
0.52734375,0.16796875,0.76171875,-0.16796875,0.01114013671875
0.52734375,0.16796875,0.76171875,-0.16796875,0.01114013671875
0.91191482903527,0.290536275153954,-0.327139973441263,-0.289630444757222,1.16853781935915
0.52734375,0.16796875,0.76171875,-0.16796875,0.01114013671875
0.442993206842645,-0.247778925386394,0.550031247727706,0.244257753980946,0.445012677748054
0.52734375,0.16796875,0.76171875,-0.16796875,0.01114013671875
0.52734375,0.16796875,0.76171875,-0.16796875,0.01114013671875
0.52734375,0.16796875,0.76171875,-0.16796875,0.01114013671875
0.0555614233016968,-0.272990375757217,0.491287678480148,0.268389582633972,0.78308289363046
0.798984944820404,0.275759816169739,-0.0642272233963013,-0.269193291664124,0.634165518602589
0.153137880605069,0.157850375604994,0.788368188154626,-0.152406052712195,0.211536465082935
0.52734375,0.16796875,0.76171875,-0.16796875,0.01114013671875
0.52734375,0.16796875,0.76171875,-0.16796875,0.01114013671875
0.864181831071166,-0.215627305101724,0.485623771711066,0.214539594252017,0.460338339072252
0.52734375,0.16796875,0.76171875,-0.16796875,0.01114013671875
0.458409696817398,-0.266956627368927,0.353875696659088,0.264499247074127,0.573657889694767
0.52734375,0.16796875,0.76171875,-0.16796875,0.01114013671875
0.52734375,0.16796875,0.76171875,-0.16796875,0.01114013671875
0.758243978023529,-0.0129975080490112,0.892498850822449,0.0100425481796265,0.151582774629554
0.52734375,0.16796875,0.76171875,-0.16796875,0.01114013671875
0.262116570080252,-0.223751239919094,0.663274968591105,0.226930548609957,0.477348746815686
0.52734375,0.16796875,0.76171875,-0.16796875,0.01114013671875
0.52734375,0.16796875,0.76171875,-0.16796875,0.01114013671875
0.52734375,0.16796875,0.76171875,-0.16796875,0.01114013671875
0.52734375,0.16796875,0.76171875,-0.16796875,0.01114013671875
0.52734375,0.16796875,0.76171875,-0.16796875,0.01114013671875
0.52734375,0.16796875,0.76171875,-0.16796875,0.01114013671875
0.7144711068425,0.274467810879746,0.117467615715891,-0.273043949794654,0.363328486500302
0.52734375,0.16796875,0.76171875,-0.16796875,0.01114013671875
0.52734375,0.16796875,0.76171875,-0.16796875,0.01114013671875
0.52734375,0.16796875,0.76171875,-0.16796875,0.01114013671875
0.52734375,0.16796875,0.76171875,-0.16796875,0.01114013671875
0.625001582896565,0.228300688567099,0.386114053582758,-0.222675110111663,0.10046455609753
0.52734375,0.16796875,0.76171875,-0.16796875,0.01114013671875
0.52734375,0.16796875,0.76171875,-0.16796875,0.01114013671875
0.52734375,0.16796875,0.76171875,-0.16796875,0.01114013671875
0.52734375,0.16796875,0.76171875,-0.16796875,0.01114013671875
0.52734375,0.16796875,0.76171875,-0.16796875,0.01114013671875
0.941895872354507,0.0946637988090515,0.881653130054474,-0.0913762450218201,0.172785482618537
0.52734375,0.16796875,0.76171875,-0.16796875,0.01114013671875
0.52734375,0.16796875,0.76171875,-0.16796875,0.01114013671875
0.752687173055701,0.152898353554502,0.461440316377775,-0.148845983501866,0.0850593939674457
0.52734375,0.16796875,0.76171875,-0.16796875,0.01114013671875
0.52734375,0.16796875,0.76171875,-0.16796875,0.01114013671875
0.52734375,0.16796875,0.76171875,-0.16796875,0.01114013671875
0.52734375,0.16796875,0.76171875,-0.16796875,0.01114013671875
0.52734375,0.16796875,0.76171875,-0.16796875,0.01114013671875
0.52734375,0.16796875,0.76171875,-0.16796875,0.01114013671875
0.52734375,0.16796875,0.76171875,-0.16796875,0.01114013671875
0.02734375,-0.33203125,0.26171875,0.33203125,1.08614013671875
0.52734375,0.16796875,0.76171875,-0.16796875,0.01114013671875
0.52734375,0.16796875,0.76171875,-0.16796875,0.01114013671875
0.52734375,0.16796875,0.76171875,-0.16796875,0.01114013671875
0.52734375,0.16796875,0.76171875,-0.16796875,0.01114013671875
0.52734375,0.16796875,0.76171875,-0.16796875,0.01114013671875
0.52734375,0.16796875,0.76171875,-0.16796875,0.01114013671875
0.52734375,0.16796875,0.76171875,-0.16796875,0.01114013671875
0.52734375,0.16796875,0.76171875,-0.16796875,0.01114013671875
0.52734375,0.16796875,0.76171875,-0.16796875,0.01114013671875
0.52734375,0.16796875,0.76171875,-0.16796875,0.01114013671875
0.52734375,0.16796875,0.76171875,-0.16796875,0.01114013671875
0.52734375,0.16796875,0.76171875,-0.16796875,0.01114013671875
0.52734375,0.16796875,0.76171875,-0.16796875,0.01114013671875
0.52734375,0.16796875,0.76171875,-0.16796875,0.01114013671875
0.52734375,0.16796875,0.76171875,-0.16796875,0.01114013671875
0.52734375,0.16796875,0.76171875,-0.16796875,0.01114013671875
0.52734375,0.16796875,0.76171875,-0.16796875,0.01114013671875
0.52734375,0.16796875,0.76171875,-0.16796875,0.01114013671875
0.52734375,0.16796875,0.76171875,-0.16796875,0.01114013671875
0.52734375,0.16796875,0.76171875,-0.16796875,0.01114013671875
0.52734375,0.16796875,0.76171875,-0.16796875,0.01114013671875
0.257577300461819,-0.244927855959757,0.621709899889802,0.252479034049257,0.526080718197376
0.52734375,0.16796875,0.76171875,-0.16796875,0.01114013671875
0.52734375,0.16796875,0.76171875,-0.16796875,0.01114013671875
0.52734375,0.16796875,0.76171875,-0.16796875,0.01114013671875
0.52734375,0.16796875,0.76171875,-0.16796875,0.01114013671875
0.52734375,0.16796875,0.76171875,-0.16796875,0.01114013671875
0.52734375,0.16796875,0.76171875,-0.16796875,0.01114013671875
0.52734375,0.16796875,0.76171875,-0.16796875,0.01114013671875
0.866195049237831,0.186394442066558,0.289092804744541,-0.188826143930328,0.240014493617585
0.52734375,0.16796875,0.76171875,-0.16796875,0.01114013671875
0.52734375,0.16796875,0.76171875,-0.16796875,0.01114013671875
0.233990518246111,0.252018651488029,0.470377908683437,-0.255573314340131,0.192483578923723
0.52734375,0.16796875,0.76171875,-0.16796875,0.01114013671875
0.800719657376249,0.293784463561678,-0.393878875860537,-0.302320761921692,1.25612443983694
0.78628079690543,0.173520442696827,-0.0217682972051989,-0.173894199409915,0.557032689925636
0.52734375,0.16796875,0.76171875,-0.16796875,0.01114013671875
0.667048713703508,-0.314670458247292,-0.262435145883496,0.319443682938982,1.46548436037877
0.52734375,0.16796875,0.76171875,-0.16796875,0.01114013671875
0.52734375,0.16796875,0.76171875,-0.16796875,0.01114013671875
0.52734375,0.16796875,0.76171875,-0.16796875,0.01114013671875
0.658720271102993,0.306495837671264,0.0808583774032741,-0.30032526453715,0.408190941215869
0.52734375,0.16796875,0.76171875,-0.16796875,0.01114013671875
0.799309808657199,0.1681727210389,0.190722415436539,-0.176076701804959,0.300673357848358
0.645193337813212,-0.228447957030911,0.451845193171907,0.235537491328285,0.436883804171085
0.52734375,0.16796875,0.76171875,-0.16796875,0.01114013671875
0.52734375,0.16796875,0.76171875,-0.16796875,0.01114013671875
0.52734375,0.16796875,0.76171875,-0.16796875,0.01114013671875
0.576062120399001,-0.244648988792051,0.49048475605241,0.244115188367687,0.439420683298869
0.52734375,0.16796875,0.76171875,-0.16796875,0.01114013671875
0.52734375,0.16796875,0.76171875,-0.16796875,0.01114013671875
0.418668805512199,-0.271146897482342,0.231939027407159,0.264761153800464,0.689944405248104
0.52734375,0.16796875,0.76171875,-0.16796875,0.01114013671875
0.52734375,0.16796875,0.76171875,-0.16796875,0.01114013671875
0.0149310102238211,0.212323283620006,0.642748022938246,-0.214053036007044,0.345932862815393
0.604470591737481,0.258145662873348,0.308673113468984,-0.259868456846422,0.160121868548695
0.52734375,0.16796875,0.76171875,-0.16796875,0.01114013671875
0.52734375,0.16796875,0.76171875,-0.16796875,0.01114013671875
0.52734375,0.16796875,0.76171875,-0.16796875,0.01114013671875
0.759063173171737,-0.158342413383252,0.688345815901579,0.152159682910678,0.277862640563545
0.760210901498795,0.312051028013229,-0.209723889827728,-0.308184504508972,0.877524408577022
0.52734375,0.16796875,0.76171875,-0.16796875,0.01114013671875
0.760210901498795,0.312051028013229,-0.209723889827728,-0.308184504508972,0.877524408577022
0.52734375,0.16796875,0.76171875,-0.16796875,0.01114013671875
0.598391358200842,-0.285521024340336,0.341504189930173,0.284478909895864,0.598972312776433
0.479025877353333,-0.166890896569868,0.596812341270941,0.168801227399792,0.295905706581551
0.780634980710602,0.143554912495128,0.295681533584938,-0.148993174948263,0.201890162645838
0.52734375,0.16796875,0.76171875,-0.16796875,0.01114013671875
0.52734375,0.16796875,0.76171875,-0.16796875,0.01114013671875
0.531391307502761,-0.259659879318528,0.230737428464636,0.264528501447806,0.651988447042631
0.52734375,0.16796875,0.76171875,-0.16796875,0.01114013671875
0.792892247438431,0.188351571559906,0.344043791294098,-0.19700163602829,0.164056917709759
0.52734375,0.16796875,0.76171875,-0.16796875,0.01114013671875
0.52734375,0.16796875,0.76171875,-0.16796875,0.01114013671875
0.52734375,0.16796875,0.76171875,-0.16796875,0.01114013671875
0.52734375,0.16796875,0.76171875,-0.16796875,0.01114013671875
0.52734375,0.16796875,0.76171875,-0.16796875,0.01114013671875
0.52734375,0.16796875,0.76171875,-0.16796875,0.01114013671875
0.52734375,0.16796875,0.76171875,-0.16796875,0.01114013671875
0.787059782420329,-0.00640959348629622,0.882518870264214,0.00489170037599251,0.152890029367809
0.81222353840152,-0.19607285042862,0.14221112066666,0.202598889421546,0.675126832769718
0.52734375,0.16796875,0.76171875,-0.16796875,0.01114013671875
0.760210901498795,0.312051028013229,-0.209723889827728,-0.308184504508972,0.877524408577022
0.733199720504217,0.192694425582886,0.324963687859508,-0.192360162734985,0.158506139497342
0.52734375,0.16796875,0.76171875,-0.16796875,0.01114013671875
0.396379377395078,-0.27577517246804,0.765686423240322,0.277433712990387,0.500081029184903
0.122058935606674,0.230893850326538,0.816356560031636,-0.234456432791376,0.244108185844526
0.52734375,0.16796875,0.76171875,-0.16796875,0.01114013671875
0.52734375,0.16796875,0.76171875,-0.16796875,0.01114013671875
0.884165000713892,-0.0661766621615243,0.895253622926581,0.0622891817334614,0.258519355230541
