"g2","b2","g3","b3","l2"
0.0712898299738431,-0.173939078349193,-0.990534101982285,-0.309544837625818,0.515775014070851
-0.950305324090396,-0.196534067354883,-0.451331673491521,-0.343643866784676,2.64315536154942
-0.523975722227689,-0.21768307341755,0.26729263206875,-0.17974021714273,2.3738460688327
-0.999268975325189,-0.420020899749395,-0.507712560279651,-0.115817423935904,2.98614833715072
-0.233034216183948,-0.179705303981948,-0.12554672556908,-0.215666561176559,1.16836412884873
-0.371798844460334,-0.206623893708183,0.146837445185429,-0.19953184590932,1.82686986276528
-0.532393853851438,-0.179931744180561,-0.95540586654185,-0.326238651559149,1.50783232428806
0.144243375271308,-0.168881853104653,-0.999787877348405,-0.282650523848611,0.440491803031525
-0.668583981128168,-0.173880951433475,-0.654940714065263,-0.348546370805222,1.77318864654814
-0.968646060620751,-0.41403107917871,0.105749044351386,-0.0551420531515851,3.50789997693668
-0.330030637913287,-0.11544156662987,-0.594509214825295,-0.34420009258162,0.996382341872625
-0.968872981526539,-0.277330176914023,-0.746582847586749,-0.311041534610448,2.70370671405468
-1,-0.211242794739783,0.154252156573766,-0.25121628158143,3.46149049073535
-0.575135227106582,-0.204863173248893,-0.450199460637462,-0.260103647079232,1.61086974889804
-0.26469009172373,-0.310654789930219,-1,-0.173719320796189,1.09914794330328
-0.936259304676676,-0.240568079705418,-0.349194544299893,-0.26060651588445,2.68093050157759
-0.721727430903483,-0.284057730438565,-0.255813714973824,-0.216403240660906,2.17884581010959
-0.532222975508743,-0.335574061492265,0.262821243750248,-0.0391583439549776,2.52166322734927
-0.677553684806692,-0.214412557193593,-0.732586671387132,-0.283960536456566,1.81199244795706
-1,-0.257463112910586,0.175379129291082,-0.21210948890764,3.53570775939386
-0.319849894005765,-0.243445180363088,-0.678282565167818,-0.221087123995546,1.04368376926376
-0.561392386495386,-0.227641680449973,-0.914403194865058,-0.318929071838486,1.59182253636423
-0.842985303306185,-0.257443367371926,-0.471717115893984,-0.243767658017933,2.34548970297434
-1,-0.401651872020817,-0.303911573303806,-0.0774870970662106,3.09388042825408
-0.574505850421367,-0.279882737843897,-0.891205208874206,-0.216065015206813,1.6465689513688
-0.542351442416717,-0.304792546264071,-0.525161436086717,-0.188872262732157,1.59047468272328
-1,-0.328974892789529,0.0536317803937143,-0.130163961696386,3.41265236986704
-0.383865131183077,-0.224780767693289,-0.49370708826798,-0.240917552892571,1.19266030852558
-0.662124741493366,-0.127772328679295,-0.358706743707643,-0.356833890182431,1.84147151843794
0.506181973992352,-0.164012120182459,-0.678198028373286,-0.198557972537663,0.141784051053715
0.25339359858268,-0.0828789898995097,-0.780838052839737,-0.320101403548359,0.221115658351237
-0.22623268816335,-0.275779171959474,-0.069582503795921,-0.108270031491639,1.31486688210284
-0.0900505038200726,-0.21151446200782,-0.0258685029144917,-0.143325810390537,1.10317908939456
-0.681662754492971,-0.261170018417074,0.296130874231434,-0.112166902339052,2.85532857378311
-0.480858392747276,-0.306893737053327,-0.481108292655069,-0.130358034366348,1.47795970875781
-0.821631462798864,-0.27428154894738,-0.0119631063493771,-0.161355026348505,2.72086720470449
0.028498930903062,-0.0577527916379998,-0.874079157599732,-0.383721910238992,0.457107266988622
-0.952845874139722,-0.254326891606804,-0.679299929811137,-0.269357588623286,2.62298220127532
-0.998952033327442,-0.259548958737946,-0.483579093899142,-0.213061993258787,2.8148414746245
-0.624358942261497,-0.288607694176589,-0.37910202878225,-0.157400049384208,1.84258256202839
-1,-0.269406563028409,0.411849097917908,-0.117756904065299,4.02331486478393
-0.454858738706666,-0.257047256317267,-0.38254896159529,-0.178564944536093,1.42285377651993
0.279279849221827,-0.151888907048075,-0.930029578849682,-0.256199574126116,0.282759217296381
-0.3566707920339,-0.0773949348533475,-0.581904644474112,-0.353932199683175,1.02980858930915
-0.0121187688821834,-0.228993822814497,-0.860015900430549,-0.23184499535549,0.585344279350626
-0.928606446690377,-0.238197167357163,0.779609423365795,-0.120542943478029,4.72421189588722
-0.590385437773639,-0.205376031800678,-0.510821112311568,-0.229403725486722,1.61800044824153
-0.888339820019192,-0.15855019488144,-0.309269036070335,-0.303965461839994,2.50719316553329
0.330112949606471,-0.0474647233969153,-0.642485078695597,-0.30892894522476,0.149251290576461
-0.695193716511514,-0.224947736646288,-0.32977541707755,-0.216915386997563,1.99545971428909
-0.517825231951125,-0.329309054653132,-0.863972780286818,-0.135133717788179,1.56079603176735
-0.790715642725832,-0.346708568601877,-0.830259034916107,-0.16652950179756,2.25106794833223
-1,-0.417425410731527,-0.433944510327254,-0.0432950969632527,3.03655608803776
-0.727133702071989,-0.077810729994601,-1,-0.419090304545859,1.97646322642143
-0.671706480140041,-0.160282205060033,-0.948599161153564,-0.365665774475347,1.83628733067186
-0.663465559087507,-0.245751469415018,-0.194887847474877,-0.186021297908101,2.05037328222669
-0.205698450963039,-0.313962540915593,-0.999530295286524,-0.141142174260742,1.00649012879384
0.0176332124507994,-0.0315517027522262,-0.729566411427482,-0.388032853443791,0.428997792946744
-0.636045058946984,-0.130885027399455,-0.88068208414321,-0.370415405207747,1.69897971496685
-0.623015138866244,-0.222119332782038,-0.818073943946052,-0.253841883335305,1.69079116564444
-0.582253291659851,-0.198641526963802,-0.189675809901034,-0.194448956916261,1.81709950574007
-0.526029547112123,-0.295088685150057,-0.577268447422147,-0.200066633673076,1.52811838557136
-0.389130719773604,-0.325438261385522,-0.855779713806435,-0.163135243495365,1.28009127683345
-0.630108824674352,-0.213424081777973,-0.192897011425752,-0.242184132795825,1.94302013401635
-0.253431711693448,-0.195292884216306,-0.612672664826055,-0.252273412339845,0.894960723942288
-0.974028704010847,-0.436947647610021,-0.617772995308731,-0.104434905430716,2.89916263444654
-0.304575367624694,-0.162824028282478,-0.426433167690408,-0.272315638786365,1.02996623456546
-0.90048957921765,-0.392201003490964,-1,-0.185495239808478,2.69238139394468
-0.634455023391734,-0.292723940584087,-0.324122532004296,-0.196074826860312,1.90795536433283
-0.998043494933012,-0.360168259947452,-0.886992825468913,-0.188293248060111,2.9026348559681
-1,-0.301946674201329,-0.0118243737263289,-0.171079535404723,3.28637254961134
-0.590497367379088,-0.225183620908973,0.101211939125551,-0.176763801570259,2.2405455855406
-0.473611631501236,-0.143859038191602,-0.546171260693325,-0.310259059572902,1.30670131469538
-0.359196788746887,-0.350737898601256,-0.70980991850278,-0.1498496830306,1.22598200129123
0.136446293014435,-0.268174226282873,-0.53479503476056,-0.138679723880226,0.465122002218795
-0.301241244291337,-0.119686763409958,-0.571960595874175,-0.336642766012328,0.949500741623729
-1,-0.283204083982687,-0.114392143422474,-0.202146401236018,3.13642735550114
-0.559502532917008,-0.296922382690423,-0.399318201116138,-0.175838734677826,1.68237128918169
-0.120613727856585,-0.165508709137427,-0.957007689121331,-0.319677911910542,0.733256516097428
-0.868663757210393,-0.222695247060032,-0.610300838656768,-0.297725149830603,2.35324064808558
-0.626051280332157,-0.35010395186035,-0.943050353445548,-0.18671695246976,1.86506601351819
0.137618999008649,-0.16682594938867,-0.988991471456644,-0.300894037164756,0.442053144532742
-0.799597968134144,-0.331382087664236,-0.253215239336104,-0.110168939256496,2.44892763733142
-0.683828245473457,-0.229674789081278,-0.404462804792205,-0.231879078857709,1.9211938976676
-0.888716906450235,-0.152181339298557,-0.742851794534595,-0.393492629138529,2.37958539712666
-0.563532642840256,-0.375782310889813,-0.683125988775916,-0.110520569616392,1.69362478120501
-0.156235730814045,-0.243104904232095,-0.650821381207409,-0.16801447673836,0.771676046959054
-0.632459125543401,-0.214655341711703,-0.639859822834175,-0.287297635771023,1.702132266666
-0.375948786127896,-0.26795201969325,-0.328066302844602,-0.158859425572864,1.31148234782338
-0.638647882287667,-0.138842263628722,-0.334126968629152,-0.306299508731686,1.79422531655785
-0.435290756669253,-0.271575032520846,-0.721133120428917,-0.248755167930782,1.29703363732085
-0.540670506961373,-0.27293072853967,-0.146021481972956,-0.201460129107137,1.83168700986103
-0.587886707684154,-0.229765958402675,-0.905480660161093,-0.290290653215357,1.64614831305276
-0.102731739707025,-0.240830111123923,-0.971290669087971,-0.224929494765469,0.762383191708653
-0.914361738915325,-0.294698456022816,-0.0509129072191419,-0.200839851866964,2.95933279804787
-0.214883021041995,-0.1105502381132,-0.574666861029817,-0.342035320399495,0.796358216339801
-0.125585865359658,-0.198355079580989,-0.985519423033883,-0.258291235126965,0.770080826459929
-0.98181220485295,-0.326286399139137,0.00102084006712611,-0.163141281961271,3.27189600864447
-0.397727419441047,-0.2349692160958,-0.78969619398409,-0.284750644382315,1.19988630139394
0.0844155598488932,-0.125735919877919,-0.246346618232933,-0.244012635623387,0.579669707307858
-0.148805136515367,-0.10184711579281,-0.865292766415475,-0.405372968832814,0.72132056874072
0.00756228503525125,-0.145693389359445,-0.181866244491689,-0.2317852810893,0.739959258250545
-0.639791187926275,-0.187794279380964,-0.826976434835023,-0.328579300648695,1.72012224433897
-0.0506321089978123,-0.23975838883571,-0.36168142426487,-0.166497596057324,0.732291451567705
0.0183715080899561,-0.180451486889712,-0.618873897150637,-0.255746129988434,0.492724112050357
-0.763042939842244,-0.290035767696933,-0.748161856203573,-0.212992718257071,2.10050948459679
-0.88538595682125,-0.24136755496991,-0.666145093047281,-0.299369423754644,2.412197196404
-0.256727666522063,-0.217394291092353,-0.49094534599319,-0.217414545901428,0.952207403591687
-0.282465276689487,-0.170590735192606,-0.648073300070678,-0.325124057197443,0.934434869428348
-0.531094497394258,-0.0493026304749197,0.0196235352273516,-0.346528454906643,1.88085518414772
-0.0250077919688306,-0.212060268765706,-0.734735735714976,-0.260735502517692,0.565323777718756
0.123163276277101,-0.198041287978056,-0.801975155317473,-0.212275061903683,0.39635973747278
-0.633564405109655,-0.357645539141239,-0.0613185357933714,-0.0890321666018237,2.25287756164787
-0.610927821338119,-0.318204028849292,-0.932850384684975,-0.252681272569261,1.79187622213378
-0.936354615802221,-0.284244760196578,-0.851342027682124,-0.287469070861799,2.62543374097499
0.459687039091925,-0.163772646640905,-0.51202766187773,-0.204008293998865,0.187367931762854
-0.887386999970125,-0.243057346082557,-0.0168674185818855,-0.2137247954992,2.87547839340432
-0.720299555720902,-0.280799832565232,0.16237129460928,-0.18538183289114,2.71825733640727
-0.466469868005351,-0.160707166340234,-0.590102472477748,-0.310952934058418,1.29185565934423
-0.139839349410867,-0.212014600501243,-0.797742506338768,-0.262786816590719,0.730614075845874
-0.989092843643441,-0.288045942685917,0.023217267904311,-0.170291796774061,3.28733070182487
-0.456581123241881,-0.168642010638411,-0.986268836855005,-0.330528182879735,1.35124805547881
-0.418646347038654,-0.21033696910678,-0.802124907860665,-0.27497262581649,1.2220671999783
-0.22874588787031,-0.147082025102741,-0.633003750245868,-0.298818270197352,0.821539226817283
-0.640040247704466,-0.264225969556184,-0.348313016636995,-0.179736456220237,1.87729991221082
-0.750444626751463,-0.240780935636516,-0.521344947371941,-0.258201133528759,2.05329352291607
-0.269558129981423,-0.101397487991583,-0.395759855116791,-0.313085073390737,0.95232208676677
0.191246251879798,-0.227281409988342,-0.551929984774172,-0.177478476770193,0.372080978341507
-0.893002723366604,-0.318174167664658,-0.342608768359127,-0.163431751941608,2.6266273292349
-0.832994351130123,-0.220132594718454,-0.910374105372836,-0.326542974747576,2.29025459618509
-0.533083732363722,-0.18664478796572,-0.572901025343058,-0.2874693777229,1.45717797800644
-0.595047493198139,-0.143079353769084,0.196615742341219,-0.238826039723426,2.35126920475647
-0.979622720436995,-0.35303673913873,0.215166539827645,-0.0899845410135954,3.65069077059406
-0.751695863390528,-0.126160709379286,-0.0543180260359429,-0.313974883682107,2.36335800106233
-0.531560569222265,-0.181837999669726,-0.236511193223253,-0.268272715968922,1.6457126175635
-1,-0.357085789917047,-0.626202807244243,-0.182508918425626,2.87609654092077
0.169802194321856,-0.150806021047504,-0.981195537935457,-0.270906030792118,0.392233612170976
-0.591822431615246,-0.246682600281358,-0.677386193515806,-0.260293975089124,1.62411280157115
-0.676385891787093,-0.308875666910739,-0.391272540042751,-0.165917893103808,1.98458962366912
-1,-0.293255775681541,-0.935582715390206,-0.270994879497715,2.86384074894872
0.327676640460714,-0.115288020607233,-1,-0.280275019471563,0.27001062684035
-1,-0.272028945818962,0.545573687503019,-0.13743050849623,4.33818007795787
-0.818316613052088,-0.256473542456076,-0.52404441995053,-0.238443683903158,2.25242839280454
0.104902137792191,-0.281516806704296,-0.73550077214974,-0.128237754998409,0.483390452932341
-0.329828639918421,-0.217459940166258,-0.581182628615203,-0.212582622786013,1.05312999139512
-0.78887034152306,-0.318670084020191,-0.566429266808813,-0.179094714508809,2.21625765334659
-0.576941398101742,-0.19640955388838,-0.362389429952634,-0.271637834211434,1.66144446527788
-0.695473541789106,-0.397498382952725,-0.441585603421975,-0.0480659726652496,2.12511796412767
-0.734790423570955,-0.240091819640592,-0.236336496745745,-0.194468256192252,2.19036072901086
-0.432504584583637,-0.129962287788802,-0.705013302345132,-0.354826719517555,1.19893727482602
-0.965750700736411,-0.23005864884889,-0.730483583770269,-0.356816670400862,2.66204641530139
-0.770706514960888,-0.308898423075918,0.13867215770383,-0.142025369794619,2.84454600102043
-0.44036537142801,-0.285484328659572,-0.00827848156813179,-0.121721992736734,1.80266124492337
-0.986016152105741,-0.254461011757376,-0.420685999064635,-0.283547503572489,2.80697854241955
-0.70009211594397,-0.247108389690343,-0.453659194983797,-0.249520919998005,1.95328153580464
-0.353902950371575,-0.132035281932219,-0.09591093666197,-0.27758065708815,1.39112062197425
-1,-0.350817518061416,-0.508133177464499,-0.172145075665561,2.90098871260289
-0.255475059063776,-0.228187237940358,-0.711395795720847,-0.245060933236872,0.917342239279453
-0.602084759647955,-0.259986057386646,-0.602759011129698,-0.246630803016361,1.66822518407442
-0.887609107217964,-0.236778407576019,-0.425904889683516,-0.239536879159093,2.48044752751552
-0.887959661332204,-0.358714624793229,-0.453423607297674,-0.170850749148441,2.58783558197299
-0.32994734393225,-0.155739381810381,0.13382328879024,-0.247347884231605,1.68885566932766
-0.659011418826096,-0.209689728660018,-0.18635455276039,-0.245247071519103,2.01883436945505
0.0412031821748156,-0.1697787981265,-0.848209834423214,-0.277821694099618,0.477012614247722
-0.997228155509179,-0.295579702344748,0.0105208287401708,-0.155584776688931,3.30354958226275
-0.882344404935547,-0.175499073827914,-0.491716796014461,-0.386139968068161,2.41637447006424
-0.875862053353128,-0.370712747188109,-0.338217071528682,-0.127774518918056,2.63998524778151
0.162347094626667,-0.200116372102827,-0.766474262242682,-0.201619176122976,0.356054626078473
-0.636350982476587,-0.276657318357762,-0.277374988920291,-0.178090732300432,1.93485786701609
-0.997491223873115,-0.211417413812388,0.246464633807943,-0.240584496876039,3.61868490317558
-0.0299258942545378,-0.155898600278349,-0.945648675064455,-0.307810511745576,0.595436823936232
-0.809762471379423,-0.248444328277015,0.0877749479625314,-0.168967004527316,2.81008495671902
-0.505984966360364,-0.111232606571733,-0.734153269433399,-0.397930965508893,1.36041159412884
-0.763889931329568,-0.283375998200061,-0.0474705193499494,-0.145232991787877,2.52264224872401
-0.656427547808708,-0.350503347643908,-0.359966271478688,-0.126384981553504,2.00270622613274
-0.594128752113798,-0.376562170898144,-1,-0.188884362229974,1.84849097093867
-1,-0.258668313370358,-0.0411760369247666,-0.230503907367819,3.20535612437687
-0.714450427397538,-0.207747061371425,0.411253175687386,-0.185298879411565,3.12913733556446
-0.603937977613727,-0.389940041235618,-0.919944171047167,-0.109078857641748,1.85413799869907
-0.892791558135633,-0.3468374804787,-0.487273766821187,-0.157889221548374,2.57448363404155
-1,-0.195619865690461,-0.566806003691476,-0.317433836190504,2.74804642466399
-0.0862334548361008,-0.27025688321981,-0.550696815449817,-0.158765541200403,0.716049612261222
-0.795832235023434,-0.170245663945072,-0.103630868446302,-0.267368218370627,2.44562409791719
0.0397662884137265,-0.196722757985653,-0.550979966690534,-0.200786600055087,0.493458347368676
-0.151895477643016,-0.251883102743821,-0.528228414445737,-0.222629423055253,0.79956271623704
-0.593828797117121,-0.30501174025657,-0.672865631353212,-0.214480705786897,1.68121001942503
-0.780168147874401,-0.327845393647964,-0.37313038970542,-0.172638126850853,2.29107729023879
0.0113720767210672,-0.246313955812289,-0.727975686830324,-0.197475795905485,0.546467989876422
-0.793392967822799,-0.397988604366676,-0.507841287437517,-0.122079522648892,2.34213090533473
-0.673509288840885,-0.247804834328953,0.118203648992503,-0.185045767339927,2.4920359187115
-0.773481650752585,-0.275380362449475,-0.278420796722031,-0.203308512704927,2.29017830484944
-0.616734518902393,-0.198029317184604,-0.411461170996585,-0.253374129286048,1.72497368034679
-0.155085516029902,-0.20559560691028,-0.732607254456704,-0.226467690149724,0.736425704528128
-0.336411354910411,-0.150422915239759,-0.830651393288244,-0.345109333981211,1.03778895050691
-0.891377164511077,-0.305199406652899,-0.267175029577905,-0.188363208445756,2.66690515724611
-0.928392703511588,-0.195289800144275,-0.241746227946678,-0.255338200968569,2.7052971183331
-0.743759186491731,-0.355914914029083,-0.346316137611439,-0.141006043851443,2.24330270429703
-0.462310583701762,-0.286273374770001,-0.446720395020508,-0.147499675771692,1.43187241359763
0.0665987856345497,-0.200242815987854,-0.264550687981931,-0.186477303511204,0.634510133893761
-0.770929656972726,-0.203014883639659,-0.552348095519147,-0.29231062462582,2.07219145711807
-0.793099718082247,-0.346917028615812,0.0689537061505853,-0.108299766947263,2.83954379565543
-0.113047701205825,-0.191920208274422,-0.763901733805479,-0.27183017269393,0.671281479141363
-0.61633176395651,-0.333062336320264,-0.830718392023777,-0.183234171045241,1.7809868054466
-0.687823447679405,-0.304846299156445,-0.921139178378468,-0.241096556792278,1.96395048135891
-0.940794862923892,-0.43275006091049,-0.379964438211883,-0.0656642656963711,2.89489029951482
-0.253293059457251,-0.251155041738591,-0.39083399140578,-0.162804711620319,1.02861702735179
0.362410305331781,-0.0696561737574416,-0.936959367584822,-0.312923912056497,0.198064866858384
-0.114034013837235,-0.214954785858283,-0.365136937817646,-0.161572938472519,0.795641956694985
-0.533678746514145,-0.140596370960168,-0.992372710275659,-0.388163655632269,1.52212075122395
-0.0987437791033807,-0.163064368540581,-0.467606551650444,-0.222945126826201,0.674591798220313
-0.747983528522278,-0.275070746986346,0.29620083621545,-0.142398009783925,3.03848590316275
-0.722015431047433,-0.188668553612721,-0.0771731216708824,-0.259164059497536,2.29020175080036
-0.182594755871073,-0.181537012190024,0.0610927816697794,-0.195346449479029,1.33730892143009
-0.551131385093536,-0.183440454544916,-0.65027536218195,-0.312161311523896,1.48718274733787
-0.683223219176559,-0.244463477285173,-0.650581853261991,-0.276530885740453,1.85250874257351
-0.854606660689866,-0.213706052578305,-0.225044429735517,-0.308295223284365,2.52434388437472
-0.907006261382281,-0.28124505697077,0.085346214238604,-0.194278442039576,3.1194660891486
-0.507068170033731,-0.262840252772219,-0.776934429701914,-0.253572354447803,1.44860993632272
-0.0338415612191348,-0.234013984815589,-0.76625313181175,-0.233475459595966,0.595633347614242
-0.384521186052914,-0.169720769439537,-0.761036109106465,-0.307570659196337,1.12127226647679
-0.551026079729034,-0.177527878277883,-0.816605663407813,-0.335817459268574,1.49943159807434
-0.797049611215167,-0.213491267773008,0.23807503732315,-0.181755428544489,3.0030402847574
-0.540145276109071,-0.242947757613153,-0.436068257396664,-0.239044090397878,1.56731837235698
-0.482725979862358,-0.124060697213988,-0.464539666691475,-0.314195361858563,1.34579303217949
-0.686884941733037,-0.230337206878931,0.0870725620278041,-0.198874531469131,2.46074744946003
-0.553611365828363,-0.163076659292084,-0.734449350826652,-0.373711293433386,1.49400621512976
-0.911079703973951,-0.219639270825167,-0.0224204592401529,-0.256766977202023,2.92179551313766
-0.476528088583002,-0.191574983800384,-0.530010729649696,-0.291979637867477,1.3496002992629
-0.0845211955275629,-0.190608323777187,-0.840787680789421,-0.269964018121606,0.645860264624292
-0.516608645367413,-0.305526124272675,-0.512301900888698,-0.151138993623298,1.53998950358554
0.0448234980883898,-0.0748251737545975,-0.937181481788863,-0.399280086338158,0.479717432518561
-0.167092822182308,-0.249508302654328,-1,-0.26534310230156,0.884758833017185
-0.984305985776504,-0.381853130129762,-0.537320614928838,-0.131502557882681,2.87973500351281
-0.639679057959751,-0.223233855197924,-0.633243977204509,-0.271148368324108,1.72544951982433
-0.308859039103287,-0.265093546514483,-0.844444600893466,-0.254709263789082,1.06619410624078
-1,-0.319309935386325,-0.260830162443669,-0.185187926703466,3.02277235272555
-0.338201472584532,-0.233680095574699,-0.613418510392831,-0.259906942427886,1.07938562455112
-0.47642979547738,-0.249128479912011,-0.597833395841593,-0.278404445333732,1.3770027681129
-0.331851730741861,-0.176500379417111,-0.332044479170967,-0.251195916742723,1.14811247098752
0.0522335299242282,-0.1708816823794,-1,-0.283804434233029,0.534624511260964
-0.832215727431391,-0.282646495022766,-0.295771066276477,-0.167474272901088,2.44864848284216
-0.935869865868781,-0.331565336629703,-0.389403932922248,-0.16834513505815,2.73892989934869
0.721616945731236,-0.126933630797239,-0.998125222829302,-0.266475170038373,0.214973877153912
-0.66022651111902,-0.272899105168748,-0.371013793397497,-0.195423108848419,1.92005729506394
-0.414819361697566,-0.392195823389101,-1,-0.150839571958603,1.47297097780096
-0.652372246813056,-0.150241394119851,-0.669073549871515,-0.348849891019502,1.71421801411667
-0.812551958609184,-0.244635068302831,0.0334540811309897,-0.186098665503163,2.7311515159638
-0.613429638689685,-0.30770839265905,-0.309153052328592,-0.135631173342322,1.88708398237636
-0.417895925229287,-0.305247770221368,0.164709172873361,-0.0669789949272071,2.05680396535396
-0.966628679240153,-0.26137036874766,-0.617697320857411,-0.263870284433808,2.6780411800038
-0.32210878954805,-0.163260446982352,-0.785396931473507,-0.349234202463304,1.01180625519354
-0.310737559774796,-0.198537442207979,-0.680203103997221,-0.271610899150437,0.993795033594707
-0.50325851754184,-0.352058601718029,-0.94495410036633,-0.178789553598112,1.58240045058233
-0.487051848478612,-0.165153699417235,-0.9053557175425,-0.337128759978632,1.37599421301953
-0.983865925240665,-0.400153917165867,-0.883335918536409,-0.192963113039449,2.90247757023169
-0.190111870266188,-0.0688907001489189,-0.569526165844036,-0.343980662612129,0.734332828767695
-1,-0.305081293815241,-0.106668949563576,-0.174634898661368,3.16779223713999
-0.187936296011819,-0.252738810964659,-0.287814829078298,-0.169634039643425,0.996634744202647
-0.375818163463138,-0.185301491175198,-0.430960173514572,-0.247812680571914,1.17534680790518
0.172746150715151,-0.161022681629773,-0.921652575443373,-0.311009519737008,0.374336206052794
0.208499630804881,-0.216596735732213,-0.485811658629052,-0.182094869708307,0.37302261857265
-0.56146397666754,-0.238730066833224,-0.750572624236029,-0.25927252399444,1.54755346306265
-0.369618402427577,-0.226023042022819,-0.889209342377019,-0.246021240357614,1.15957360846738
-0.542299061595368,-0.0995349373940924,-0.36769370578646,-0.334865925119343,1.52318461577357
-0.458016985451767,-0.210196702323656,-0.392160823947619,-0.248387102901499,1.38476754614146
-0.374957396495464,-0.207373113210219,-0.678669935600309,-0.253801662296737,1.11984436886099
-0.447629092315881,-0.219408141082307,-0.937677299802658,-0.277884816979842,1.33598644743018
-0.409109423365803,-0.326783178275011,-0.84281254677499,-0.122376012445173,1.32222325219946
-0.961224098041786,-0.237632350105823,-0.0888465228911699,-0.235487997418137,3.0037107287085
-0.85904414825605,-0.38246707681864,-0.775435346173811,-0.14283292351924,2.47703628822359
-0.739832131600147,-0.199663042769084,-0.565112457453618,-0.285431731873197,1.98037391856869
-0.450600660933774,-0.182434959453465,-0.601179606230175,-0.255969256642187,1.26291627488056
-0.0569555002931424,-0.174635034706354,-0.632150148425699,-0.234707969660347,0.577750184111442
-0.297799112793869,-0.247984816424974,-0.420987253351419,-0.17828738138816,1.08505319328014
-0.722486713333795,-0.216141713024294,-0.345655078377577,-0.236572422299128,2.04904289781564
-0.244601882694961,-0.124124199080689,-0.770462422975382,-0.351175500656559,0.846227821731893
-0.901926471783278,-0.332237078845276,-0.616096040887275,-0.173654689718977,2.54679338446971
-0.218723240276205,-0.157424995728984,0.164519781483772,-0.209153283514104,1.54553860691607
-0.804552338632173,-0.270656454984816,-0.260155656735036,-0.178581091067648,2.38820658653802
-0.624434924759949,-0.27766561714638,-0.683343625059285,-0.22847106356991,1.7284933630627
-0.262196340842596,-0.0989362662747407,-0.625459952982336,-0.327267118261025,0.854498559456505
-0.771648437288845,-0.434695298831239,-0.227705822299613,-0.0338437472938422,2.53492724847845
-0.558969409386539,-0.194799075437341,-0.519531410519993,-0.287349003245773,1.5392751620169
-0.0203877453273147,-0.168063428021061,-0.414576199774856,-0.243590995265151,0.603718562202093
-0.974465820859628,-0.29594445977956,0.191395061661491,-0.141608042561319,3.52289830488923
-0.555039447002907,-0.230605107995574,-0.619604010186678,-0.230618998147626,1.52693792139029
-1,-0.166101518069096,0.0391686146337383,-0.251884141840614,3.24309252656659
-0.257478406679115,-0.146720562258136,-0.869750384877524,-0.353660315088819,0.907911051812814
-0.509115674247132,-0.246087509157431,-0.735252968951233,-0.256641262824899,1.43358264916123
-0.0893710514190724,-0.101262336677113,-0.587439003698972,-0.321692253495924,0.593470424483988
-0.678386366104731,-0.301366169052915,-0.18559750742383,-0.144418804782725,2.15333893014361
-0.874126611047193,-0.156051330405018,0.0570480955961971,-0.262715150270775,2.87687682439998
-0.935860529839613,-0.407125495619593,-0.442076272548679,-0.108557729064614,2.80235527264676
-0.296396758056237,-0.20450983772061,-0.172663366605152,-0.152353413911907,1.24750947875255
-0.308720643229132,-0.208045676301577,-1,-0.267691013843485,1.08685655473434
-0.725297349558004,-0.182691791495351,-0.25308576851651,-0.255643805783485,2.10569463544794
-0.250580633635064,-0.245690879061223,-0.658575641019519,-0.210141301028721,0.923946597496891
-0.965342597786359,-0.125475768696177,-1,-0.456994969768016,2.71227833893898
-0.858737037333158,-0.251610859460789,-0.141261565463406,-0.168851911568561,2.64502495411177
-0.997117769429833,-0.224838404396434,-0.213726745415289,-0.245949671024654,2.96984588967031
-0.800391952755394,-0.283445150410482,-0.662027079322086,-0.213818758643805,2.19644973559275
-0.378668622971921,-0.104887362445635,-0.481651426534359,-0.34819077738478,1.1203851834052
-0.920430608218753,-0.224924194151096,-0.386729093962304,-0.263046521782288,2.59438332966193
-0.302283095470249,-0.124841943367136,-0.702327962240989,-0.320655121424196,0.934200150275995
0.0200483132054447,-0.0519768697380016,-0.795035453754534,-0.38971030986582,0.444858041038527
-1,-0.232355343640962,0.0390339674984188,-0.210029248324622,3.29320293411331
-0.596668684148869,-0.335914271561527,-0.947927566251945,-0.179946189923438,1.78109027949211
-0.709474561551986,-0.196673895158147,-0.680385750412289,-0.284369252988656,1.87957669608845
-0.868269758835904,-0.15145122554477,-0.751126706088058,-0.374043413064395,2.31223909835548
-0.77254723348121,-0.330204690400897,-0.638037244328144,-0.18806374741213,2.16898477907633
-0.119195674290974,-0.252341834472861,-1,-0.205252266758993,0.81188313943923
-1,-0.235516894363526,-0.0588618336452734,-0.23121405645172,3.16170743095292
-0.447988654400812,-0.329309142364198,-0.554409915938525,-0.128374896931759,1.40477501590971
-0.298040137351463,-0.405110864476972,-1,-0.0985355912173208,1.27293027285192
-0.766433653687196,-0.31619134178744,-0.340744089830324,-0.151656497619388,2.26499633447952
-0.425293464106385,-0.299779795856684,-0.662613055427404,-0.173206754956666,1.30312219349025
-1,-0.206408386494259,-0.710257398624317,-0.348095090786817,2.74720514675456
-0.561206329339478,-0.312849158984158,-0.764429790973156,-0.22965620850569,1.6164450878366
-0.106008627007181,-0.263929886730629,-0.755268645116452,-0.171312072386717,0.717556741534212
-0.242865147796558,-0.163511236683864,-0.0443272281581278,-0.199719770324543,1.27246893882902
-0.290120325375274,-0.158455139936619,-0.0981654856743019,-0.230670754059323,1.28394975878138
0.0844925255313482,-0.0942093775771566,-0.72089348948361,-0.341818463352217,0.372856128537771
-0.475135206817164,-0.306088983201008,-0.811973186148344,-0.206096216807902,1.4246169301308
-0.917548611300273,-0.255608427512323,0.280614287547935,-0.188104883671326,3.47227870161525
-0.880485266852884,-0.140032215505816,-0.437437054228017,-0.327543743487982,2.39266523994564
-0.334525649094439,-0.155332005133744,-0.831684171000712,-0.286306722478483,1.02438859392487
-0.722121055787419,-0.123311090001779,-0.883439895479408,-0.395501693887651,1.92440525464102
-0.193250174656147,-0.178955098116502,-0.724202779964397,-0.298850655685282,0.783210032667912
-0.70466746476206,-0.244530872434234,-0.32876819839558,-0.209328249541593,2.03766495691778
-0.585486053497928,-0.366549635286359,-0.909031089757625,-0.157729702119935,1.77183644684933
-0.96907197134669,-0.343385478920397,0.112394753653397,-0.105533132678882,3.42616385475237
-0.786133829448224,-0.344739410257423,-0.374502400700705,-0.156878800113053,2.3259161432577
-0.607434846603449,-0.351068155470561,0.0851540516704626,-0.0931390939228775,2.38946115886819
-0.917828534393709,-0.166852180701878,-0.846185298016667,-0.387345601062781,2.49485249789927
-0.397151961784262,-0.336223775186061,-0.731935060745692,-0.148585377094025,1.28551128351839
-0.260324415895821,-0.126068096732383,-0.063071068397482,-0.29414431106071,1.26102011951058
-0.354255756167164,-0.191528391941456,-1,-0.355442009577783,1.17806074821601
-0.157465301860252,-0.231087556340553,-0.549547792540212,-0.214680408601118,0.782441545880132
-0.864419734608189,-0.304445661405339,-0.289342804497962,-0.174851879867524,2.56826234458439
0.0656683236882873,-0.154369070612977,-0.372975138895618,-0.246397688230111,0.520185783770629
-0.55562746292566,-0.352189807028451,-0.193631242508195,-0.0614899893879633,1.91598275765766
-0.0272382996410764,-0.169527689030359,-0.281161291753075,-0.218459031554412,0.705745196868626
-0.757804205833689,-0.193807683890303,-1,-0.357633470507551,2.11356506429496
-0.539628684225424,-0.240009643975483,-0.676889401413918,-0.269698218311269,1.49775396610357
0.158914465109495,-0.161608941346637,-0.746364140533091,-0.26823428165251,0.332123026271484
-0.158182886252944,-0.249887338657709,-0.796398652265886,-0.19158655695235,0.786603392673956
-0.694768479932358,-0.18313400658552,-0.0250185688263806,-0.248121031242476,2.28113264970565
-1,-0.270896144518444,0.0558752883705378,-0.177213806011365,3.35360984112807
-0.153404968570319,-0.153799075676316,-0.746122981446922,-0.295196309524399,0.703982499380477
-0.126417851780108,-0.308888991499337,-0.893675496232996,-0.161408616040034,0.825650393811082
-0.356121394101693,-0.229497956778315,-0.29803403909674,-0.222994951346123,1.260742016648
-0.860656064884913,-0.254885328771858,-0.506748904177827,-0.245088009231059,2.37981571682985
0.00051635489633417,-0.186358494835781,-0.612636355432449,-0.246366548353777,0.518435790476916
-0.882573790020503,-0.246714912119436,-0.149722460664191,-0.199286833010552,2.70038513447026
-0.990674806210616,-0.321245297941798,-0.0380828537158746,-0.138121419401604,3.24390626702141
-0.599017254069372,-0.214296743463494,-1,-0.346826378550312,1.72084215263871
0.123267460171837,-0.151479146429675,-0.596624165398276,-0.266528577352833,0.365924119690139
-0.426127295091174,-0.3074211456732,-0.658444010398808,-0.200200989723164,1.31214038547603
-0.812504266693941,-0.341643246203309,-0.405489146039664,-0.144531615003582,2.3783590944208
-0.813111185729195,-0.275625903626496,-0.948383634755865,-0.254024647983017,2.28771631603772
-0.55172865701428,-0.311039468106484,-0.288886872611113,-0.126749267611726,1.76201991065736
-0.700415440765094,-0.402282537872666,-0.0607621788922382,-0.0595786354087638,2.48216772557488
0.19008833809785,0.0140473418351015,-0.514940914553779,-0.410257524547876,0.281061053377166
-1,-0.408250836361671,0.21265910887708,-0.0563822828906404,3.78354177761868
-0.845157176531807,-0.336063958100936,-0.300291998098475,-0.145982225066996,2.53852823884905
-0.724976125886882,-0.275061076005185,0.0483893987800959,-0.149988541430881,2.54383259830006
-0.9398611819959,-0.296217461033201,-0.55898975613134,-0.220059907077804,2.63769051719992
0.0324866555741372,-0.146095354280072,-0.997862397842641,-0.321776098635728,0.545404816603183
-0.374979184960204,-0.0896854555706764,-0.800872958236737,-0.438566361404706,1.10159133677216
-0.869427717053096,-0.35515450787838,-0.473678349812686,-0.164657576916917,2.51988491947445
-0.567164764666573,-0.252177253402491,-0.00994446303119418,-0.155878240792718,2.04486123011065
-0.69635012085699,-0.306630770745339,-0.534055999505943,-0.169232484620067,1.96568242501458
-0.0289986678405965,-0.266746469378464,-1,-0.18260125665383,0.703794307092532
-0.994913223000447,-0.373854560038801,-0.223656820831814,-0.119951301728224,3.10636786341406
-0.728850035889304,-0.314581477206233,-0.633214449395793,-0.179969874608212,2.03549803025947
-0.667413419434689,-0.325402570985142,-0.829067101396389,-0.200204941319957,1.89904299602474
-0.564526952072543,-0.214150076403985,-0.626494303763185,-0.306429108495765,1.54437355040325
-0.347760476771829,-0.130879246504647,-0.938124945738969,-0.365897897884697,1.091956599404
-0.54847384044643,-0.163341632030398,-0.82535911426824,-0.365359219026151,1.49406788260334
-0.585258440229627,-0.361358226892227,-0.551644238400718,-0.168172333618849,1.74298306138213
-0.329717432744995,-0.178443140773394,-0.675523508965433,-0.309664556335762,1.02021912907806
-0.246314027417994,-0.18025619250111,-0.972285470405587,-0.315005293214669,0.94820779980129
-0.534447057675413,-0.27626938881178,-0.704800192391903,-0.237657678221741,1.5152437999636
-0.577090164392783,-0.199067651296058,-0.722631423368068,-0.317874022863952,1.55920271201098
-0.181927840979898,-0.198129346165269,-0.947691959299168,-0.279580254442496,0.837602448376063
-0.333335785014951,-0.26352900149103,-0.731941249785327,-0.219968100217788,1.0873937912769
-0.613744366026104,-0.187619311331739,-0.523552105195569,-0.303619995710691,1.6652950796694
-0.0023576919719813,-0.137076422608574,-0.696477362170394,-0.313080261128638,0.489254858190606
-0.87774528907497,-0.220519448556815,-0.448253177141911,-0.298081747104147,2.43356423793194
-0.946175658206544,-0.3076928683649,-0.300838744345967,-0.178191208337972,2.80821654602808
-0.632391406777527,-0.260696799436879,-0.0384089756599516,-0.164699373285976,2.16997893824419
-0.409067629600259,-0.239053329338491,-0.349561430464985,-0.212014053713697,1.33393683561468
-0.636872465963125,-0.356895184490433,-0.725897364058473,-0.173072335194888,1.84138151616337
-0.236498921167799,-0.174861585410982,-0.551914873948198,-0.265050782731642,0.866412462223505
-0.0405196466726381,-0.118501414636416,-0.925551832838476,-0.363169034571915,0.589206332038966
-1,-0.274181442368047,-0.33385375500383,-0.260305883167835,2.92254791255569
-0.280549240603451,-0.207652133756964,-0.476750291749011,-0.22306644715453,0.991919720502405
-0.403070192769256,-0.3208292718236,-0.836784592296234,-0.158739233751039,1.29782541753155
-0.384917183978944,-0.148056165487038,-0.851072854423105,-0.338843085658642,1.13330536340931
-0.717092818066451,-0.24003693912819,-0.395489548173091,-0.282592916525829,2.0279142043316
-0.885655579958226,-0.294285703167115,0.287587342509172,-0.135904662850567,3.43092782994505
-0.582187931975901,-0.189125514560202,-0.00881274791777059,-0.221513560179883,2.0271896233038
-1,-0.403744677941255,-0.674025712316168,-0.175066764459287,2.9258039659976
-0.776117447370354,-0.194032889979751,-0.376161899823264,-0.293800820088432,2.16263085631823
-0.55896068278804,-0.32626525662012,-0.987743340693886,-0.195563703531566,1.70296089541399
-0.548623424671732,-0.244311465639701,-0.539502009949611,-0.22430792460027,1.5430989302121
-0.476892389742417,-0.175839390511564,-1,-0.35222375810782,1.41412453907771
-0.429338087989372,-0.289000594175923,-0.53913259316206,-0.199881445489378,1.32453681712796
-0.916587183527061,-0.367948846445574,0.0269067803103284,-0.124023776468444,3.15676843122064
-0.856077779097818,-0.297015463010411,0.0438910578173337,-0.146156861010588,2.92345985877071
-0.747966944004365,-0.245401035293863,-0.444007185683024,-0.244707996009835,2.08292809025845
-0.923728809855466,-0.307893533675302,-0.290659277806444,-0.224043808911563,2.74784325912566
-0.849385811560231,-0.362753502883142,-0.124978395772342,-0.127598424421626,2.75330256923414
-0.759352142465551,-0.288600691063834,-0.582822236812519,-0.244103950525918,2.10224466917135
-0.581396493565731,-0.150807945006212,-0.819967628758603,-0.373296483023356,1.56318779226711
-0.302755005699771,-0.173454320378884,-0.650153647131954,-0.293084055560542,0.965584030019491
0.140492999185714,-0.109095190693743,-1,-0.354603444920051,0.420588745888489
-0.70594834642337,-0.211167538278074,-0.894502281521451,-0.32046311314403,1.92690232720499
-0.357540567306754,-0.219074772898197,-0.432710894969265,-0.246879726403186,1.16614877773358
-1,-0.318756813606261,-0.619205435679111,-0.216209401669468,2.83589913798921
0.179039709256755,-0.117295024812947,-1,-0.332389640682406,0.385410716113702
-1,-0.276341983602438,0.857343221578046,-0.0843879157079301,5.22558574917175
-1,-0.381629349442385,-0.104806432466561,-0.0890246331770847,3.26486361500744
-0.62202094020636,-0.359037975111917,-0.135565531831536,-0.0989123967525002,2.13466360830701
0.396134719507734,-0.220779715753827,-0.47519184403436,-0.137134022053153,0.273107459951946
-0.863594194760146,-0.381987471457805,0.161253352080703,-0.0369945745708632,3.24914548905903
-0.399294048061185,-0.0709083526046654,-0.423703203911771,-0.332148017716677,1.16578294811655
0.0654543078157686,-0.218503411988211,-0.625665694423273,-0.205077429165759,0.466435572151001
0.353646218360584,-0.143886409213978,-0.584230760928829,-0.222700815784174,0.19286589192251
-0.303905764003386,-0.151931977835843,-0.874945615944278,-0.301411693973076,0.981792047434605
-0.606113553001809,-0.185895152171091,-0.228207121001095,-0.254238048135228,1.82915525774339
-0.780524871409429,-0.323019378228952,-0.398029293284428,-0.116812177967721,2.27750471203179
-0.864774994530648,-0.262116655925998,-0.419023977709234,-0.227495304563837,2.43882110516189
-0.637357410300585,-0.174566271550306,-0.077443357162878,-0.209050394302536,2.05901193578653
-0.966179830618454,-0.284387625554554,-0.101711291455208,-0.181420581203648,3.04584520720143
-1,-0.191182734231497,-0.14080697265254,-0.275731618889689,3.0314560514945
-0.125387406138465,-0.161625373930148,-0.555999838507129,-0.281965947839219,0.684414263169563
-0.94584109328688,-0.281847648035141,-0.372506314258705,-0.231860167136645,2.73006902606177
-0.978224768364774,-0.304048798924153,0.28180562070623,-0.104655910964879,3.71789138334121
0.0857999283692447,-0.159876759909929,-0.334069713190171,-0.202270457341415,0.527823125769605
-1,-0.266808308029233,0.176649646171305,-0.153087196680167,3.54862540969272
-0.732313795452211,-0.198510605298479,-0.921303776992912,-0.357907179541369,2.00778079114967
-0.695881578094385,-0.289267882690653,-0.0734223326886729,-0.129953492691938,2.31619821183635
-0.892409651330768,-0.334075167250504,-0.18580904215347,-0.122775417609982,2.78287882891532
0.610367957164805,-0.0668092233059496,-0.802618423206657,-0.304983575373614,0.0928467480565432
-0.383452254382642,-0.246265397952822,-0.721583774974613,-0.195004677145239,1.16682195465287
-0.798940121651069,-0.353104589366633,-0.876022488712048,-0.147211729875591,2.29672866873865
-0.153948502046744,-0.0841672533925112,-0.768876892855418,-0.358053473488735,0.678914298490443
-0.32815086190758,-0.242381518027082,-0.00272205125479638,-0.124349815409538,1.54908491818662
-0.334000427981857,-0.207194974683443,-0.442198266508254,-0.263978244468118,1.10871949643431
-0.680537759696859,-0.275485418219299,-0.536791055086189,-0.19160038561835,1.89257105017027
-1,-0.391766934000948,-0.113786129880465,-0.116889356098119,3.26074218482719
0.117549235692489,-0.0677870825157085,-0.599071556108551,-0.324269463633972,0.330098111921401
-0.674793061063445,-0.242791520512374,-0.0661510933094371,-0.168455234948275,2.22392118788816
-0.399511453043223,-0.273638651224897,-0.190631691701614,-0.123417228102147,1.48867771114903
-0.219543387359101,-0.223081006412627,-0.448540598894951,-0.152274120924824,0.916158491688758
-0.626164265809992,-0.267172756886275,-0.147839291347866,-0.159760093768685,2.02822988975881
-0.724160348051426,-0.124403178479538,-0.293315462145862,-0.306626073156407,2.03539948236569
-0.381429422880436,-0.323478565835175,-0.649261720600708,-0.179598125642965,1.24022413045796
-0.156453494024899,-0.319596088263585,-0.798130367964751,-0.108173551898839,0.86026364924907
-1,-0.268418626884553,0.495779891661273,-0.110805499900316,4.21726121816189
-0.610865114785663,-0.194743914839654,-0.467770075358815,-0.301033036899791,1.68615549695188
-0.691168677088919,-0.130353628896082,-1,-0.38167599516408,1.89925624003922
-0.645031887889787,-0.216816870397194,-0.640034431630936,-0.27381231675579,1.7328848328048
-0.783041062121206,-0.282758894140304,-0.576965057095248,-0.198911348621536,2.16099751172232
-0.859441576927501,-0.312100328501506,-1,-0.234608880346376,2.48341423751481
-0.571756452333502,-0.170209718206179,-0.745420460313672,-0.328524112545109,1.52864988476011
-0.435478477548388,-0.16683830186279,-0.880457427857311,-0.307868907594337,1.25098660167398
-0.443235088047679,-0.168847473688748,-0.556187271850164,-0.299629638933468,1.25499607351233
-0.708103424390677,-0.354336837704021,-0.2300768379105,-0.126625399968508,2.24463550873628
-0.454671652538932,-0.167220290034271,-0.174079105282442,-0.232306517849946,1.52481953467816
-0.234899893380743,-0.108567349673757,0.0436223784889966,-0.246051913435778,1.34736666177259
-0.528097029364994,-0.266298134106087,-0.164583171297799,-0.176624773716906,1.77725443919425
0.678324153023183,-0.142316198170329,-1,-0.221261022209106,0.213767083541963
-0.174921378874513,-0.218372017494537,-0.557352670736204,-0.22013125948157,0.796291816613634
-0.0954369567753783,-0.161896418564369,-0.309931115403456,-0.21333755658039,0.766933203764644
-0.949516608425591,-0.229064404686929,-0.148255504166009,-0.208813574775923,2.88959765093953
-0.947805086553955,-0.223486492892034,0.036342447085639,-0.232514230629218,3.11829877019777
-0.608512718796043,-0.24065581522804,-0.371272991546929,-0.223177967912357,1.76327920326914
0.0862164412255074,-0.185817880270472,-0.85212330849232,-0.237151907699071,0.437350747235713
-0.613359063173804,-0.200607249113442,-0.78367116171482,-0.348046775990113,1.66164509541202
-0.362536463255985,-0.161594470305318,-0.279140309488413,-0.23025937213932,1.2352655127525
-0.61550301849084,-0.234393585973209,0.0412755604000934,-0.166642095774888,2.21674758171577
-0.688819955167752,-0.138833202918288,-0.270263870990595,-0.277666616591468,1.96657006014722
-1,-0.212374291723873,-0.161924597068539,-0.248343698281647,3.02191480887817
-0.471184930393136,-0.153453913900929,-0.70861450515462,-0.282099167662871,1.27918130738323
-0.974401042895154,-0.297478878099954,-0.373454353412516,-0.211692857965247,2.83299266025757
-1,-0.161888752224438,-0.12385533197759,-0.2917709917293,3.03132806240019
-0.0709660269803032,-0.0950368801016663,-0.905254009474932,-0.357134033734049,0.604062482944927
-0.344663966581891,-0.164872346871452,-0.458974436450619,-0.301393633605828,1.0938958304898
-0.667698838833517,-0.269178658065429,-1,-0.273022802838758,1.92252128889835
-0.763148317719524,-0.38233419805632,-0.556495123257628,-0.111171860729254,2.22577054230261
-0.100121017773504,-0.22879743602054,0.0811484210190011,-0.0997936141579691,1.29427085609
-0.624463419333367,-0.230047423004137,-0.494664353488611,-0.239851278537806,1.72800230344741
0.250883178529014,0.0203125689277946,-0.772537591515972,-0.440142824896894,0.217100406451731
-0.0131898628515607,-0.185309929015368,-0.841430807704937,-0.231770293225085,0.545477574201423
-0.644139955357173,-0.217696777121267,-0.216746777932254,-0.219046669939916,1.9562512784083
-0.854897876109427,-0.336707802154139,-0.22835001510455,-0.127099046122003,2.63255135212905
0.0753613392022088,-0.238207051233391,-1,-0.163996504376411,0.558567395851481
-0.877424845006281,-0.192893271138638,0.216500615074439,-0.235710717404817,3.17839792791725
-0.319362762162329,-0.108180918694871,-0.345098788246778,-0.308462719699326,1.07792239876684
-0.307515185452609,-0.323788546377049,-0.456035419969788,-0.104891319891138,1.16650263048423
0.151983441264914,-0.206162563448664,-0.97296651166684,-0.251169956659719,0.44281594580414
-0.360670401793543,-0.250135105642748,-0.614735948000217,-0.24349760337853,1.13467123427727
-0.951090206496711,-0.232818782401312,0.62894689682758,-0.153142539356328,4.36150840329499
-0.64995883998448,-0.199615734486185,-0.794174527807639,-0.327268033767817,1.7471558310112
-0.632765234588527,-0.195933844682053,-0.79579791130603,-0.295533282479439,1.69477758084671
-0.464846749431789,-0.250890459350896,-0.507723200836327,-0.189555347256386,1.37428026437667
-0.870203430385439,-0.242699105652502,-0.156626468978316,-0.238076856322349,2.654185266065
-0.558146189436589,-0.242279063179743,-0.98226317050687,-0.235321196155935,1.61783345015612
-1,-0.328357104048037,-0.433401626772021,-0.212890851208211,2.91040209605071
-0.38971678965599,-0.26108994830361,-0.595032100365999,-0.234643608430481,1.20436170371224
-0.391924711605239,-0.234863447640392,-0.621388459500583,-0.264769491977534,1.18339571297754
0.0597165300170071,-0.196872612472236,-0.825644395953805,-0.264496885992645,0.469360461004746
-0.62500169064828,-0.175050613550099,-0.50593807838725,-0.335005092531786,1.697178509245
-0.59410473045127,-0.317896362929766,-0.136110444969749,-0.119581542721978,2.01854130856517
-1,-0.367812740869169,-0.745858143540581,-0.219961890336506,2.88491275508815
-0.0418189251219542,-0.174607549841636,-0.432462555609073,-0.234039981030935,0.624997353502869
-0.803815149211264,-0.357959814089733,-0.936721730464197,-0.195100798742191,2.33807730714102
-0.444498889482864,-0.227880274018597,-0.458986799554487,-0.220791851237669,1.33257912289204
-0.651172937774871,-0.238083173775855,-0.180429714931872,-0.217699505339459,2.02761714098077
-1,-0.214136580127876,-0.0183993371448824,-0.268783623928469,3.20081975752528
-0.290249350346078,-0.231788044117557,-0.336349033696685,-0.190402001623231,1.11131896770065
-0.932553290198293,-0.30675026667161,-0.270966060092188,-0.177481499878089,2.79009262450992
-0.20818269077696,-0.25520907999166,-0.672077329901854,-0.223521713039938,0.861707514668085
-0.383374614016929,-0.211151251746943,-0.994331850401309,-0.316527535877608,1.23628088808439
-0.758404995351667,-0.196742799274407,-0.843752666665834,-0.332461666401294,2.0408799024118
-0.836147230166962,-0.32635531134352,-0.668612297808546,-0.206438555797423,2.34059542334539
-0.46201353212039,-0.13427814182577,-0.749962061422928,-0.359660023341873,1.26760214914447
-0.906493278629894,-0.101916792192729,-0.554753695986521,-0.409527261237167,2.42567390999612
-1,-0.269146850895846,0.00230696925063018,-0.178569102458741,3.27379313013292
-0.777291761439711,-0.203559288036921,-0.614941635345192,-0.315939763879955,2.08046964933686
-0.897786803979768,-0.363387312623598,-0.967115600390211,-0.204395296943898,2.63214063680821
-0.622561210986494,-0.221087250095777,-0.234138910946795,-0.260027958545551,1.89260029690297
-0.735875191033633,-0.295467624780913,0.0691799050034278,-0.134641777516958,2.62596011673241
-0.0197503979705392,-0.229228943766563,-0.824430867680957,-0.234919822232741,0.585030476768203
-0.698973790596641,-0.391613856558603,-0.0496645834192483,-0.0509835543119847,2.4824819190739
-1,-0.378547250726196,-0.163130246908982,-0.146480994715678,3.18581033703347
-0.185452681960709,-0.116759143334859,-1,-0.333468851636221,0.825086204842596
-0.209189050806805,-0.180525176311555,-0.466646146544962,-0.269151826889353,0.858822325837008
-0.39077281301977,-0.149439106471497,-0.488177755129349,-0.290615863949542,1.15681835437207
-0.411813680472387,-0.292289509803276,-1,-0.218979223765679,1.35647609638818
-0.0576710830213255,-0.173206423489949,-0.897799269085718,-0.289098942574203,0.618877460395288
0.341157627118405,-0.161950511401725,-0.936367845768348,-0.252046179517035,0.256586110018434
-0.225983254154891,-0.297593612677665,-1,-0.220511619269457,1.02026846604697
-0.962532890331066,-0.411389450550187,-0.176775524941354,-0.0700310356561269,3.10596187660343
0.565529378182884,-0.198290969929597,-1,-0.2130327256592,0.249993772434026
-0.735927248962976,-0.350486053921418,-0.0288906237814372,-0.0965445624058591,2.54882733250002
-0.147348358326548,-0.129336762528562,-0.642905558052268,-0.322953397321373,0.685369585060371
-0.748714563891295,-0.250511618155445,-0.674987252774851,-0.276433503094344,2.02845941086455
-0.718759735003857,-0.254294982579314,-0.761107272628152,-0.29324907923109,1.95794065940968
-0.161050127500771,-0.0890929774208878,-0.0648814615787565,-0.256879183782825,1.06938284555715
-0.248385945407318,-0.233863873471558,-0.68783227973588,-0.236804228937578,0.909499177752528
-0.0127554164574315,-0.227359406704648,-0.742506928949951,-0.204202075612893,0.559929759345082
-0.825833560829797,-0.244891129711214,-0.659124744583921,-0.281114845528952,2.23917986515481
-0.970755989271519,-0.336764779850407,-0.669098465856896,-0.183284453639048,2.75662512102275
-0.135180303900187,-0.220949140016335,-1,-0.233308800393085,0.80879773390689
-0.727700251240919,-0.284053271884814,-0.409868045417495,-0.211787856491411,2.08141103179812
-0.554416481205058,-0.367380977152088,-0.886130381620087,-0.159798223380369,1.69085928711734
-1,-0.313845311080379,-0.109003760874423,-0.165337204536379,3.17451506776922
-1,-0.388463073820587,-0.611048910466981,-0.155308994385859,2.91619837156229
-0.423645500660751,-0.220136361511427,-0.948467322945998,-0.297032888314285,1.29551606527362
0.56921986777882,-0.166764306790755,-0.949241969016629,-0.242181204130829,0.199364286376469
-0.00115685278074526,-0.156424515491256,-0.650593172459213,-0.283806173360545,0.49789250618941
-0.276719192858771,-0.231716122008293,-0.617340632806727,-0.232134198121714,0.962880530802532
-0.74244198019549,-0.290733800443376,-0.443472516864594,-0.190194150046894,2.10887263738588
-0.855590289510415,-0.286025779467046,0.057847969449744,-0.155245426579573,2.93130066586471
-0.279548637172139,-0.242037615777295,-0.545656671238211,-0.191473268988268,0.992897627188458
-0.593926553809413,-0.191573629209045,-0.887152922705192,-0.360953450038331,1.6397227525395
-0.0766476374450974,-0.183710714709271,-0.516840920914982,-0.238184375447607,0.640091232622327
-0.372212093986546,-0.23277263297335,-0.679345631127708,-0.262593717299465,1.13683308394327
-0.248749656987452,-0.258524092479286,-0.57649586168701,-0.206125857097011,0.945911121925876
-0.315294035024171,-0.130192557833828,-0.478619827711947,-0.307734119253622,1.00740611693332
-0.207835187502438,-0.140269400395992,-0.909245373754792,-0.323008862863167,0.827295761793619
-0.327538837828862,-0.241465738735043,-0.856708295826383,-0.245121514899479,1.08181373524543
-0.206568029987617,-0.208492332722495,-0.834259873974811,-0.226114405279755,0.836125648814019
-1,-0.350727051201224,-0.0321714968683231,-0.108662450728708,3.31763774242678
-0.374903817085649,-0.101158137215032,-0.458147350701744,-0.341052804894648,1.11952227392023
-0.966004667820494,-0.290228903035151,-0.428603138441457,-0.242163207706075,2.76812898955452
-0.285467844983473,-0.240150680625223,-0.543925220162409,-0.228445378025135,1.00295440258687
-0.863149156543088,-0.235703221855005,-0.840591023930689,-0.291527120942024,2.3587858017054
-0.169478580228147,-0.155721636877468,-0.660062481744172,-0.297982742661136,0.729830791596543
-0.306175907148598,-0.141102713857326,-0.789662668450883,-0.338576514999697,0.964748680720612
-0.949315728801777,-0.25923275810498,-0.712591455301415,-0.250327674039585,2.61396537315013
-0.070864589018726,-0.244471758897103,-0.483403945713251,-0.173769595502558,0.695216326109036
-0.873084482728024,-0.307357791708703,-0.344682811898046,-0.170084457504733,2.55453506590509
-0.917344427130485,-0.34799408607493,0.164899846195202,-0.0758388999743432,3.3660993516251
-0.45950826736891,-0.204276747997571,-0.980555022802186,-0.284588431914775,1.3718637812279
-0.229441523304372,-0.296932004353821,-0.867326549412793,-0.178393701520056,0.96337966380498
-0.804250469745742,-0.312675421684919,-0.643141711875902,-0.20210867310556,2.23799278121162
-0.71140405283532,-0.309877037828268,-0.646999215691068,-0.17619808633819,1.98313079772876
0.306757406163053,-0.135407190569364,-0.997363754934112,-0.321068733982186,0.301572043422418
-0.263644909628084,-0.193056649611565,-0.515140841621251,-0.253283843519616,0.937388136147093
-0.355433117429997,-0.254094642397681,-0.422207233290033,-0.1884033869295,1.19635768880736
-0.936005581721118,-0.208915112337951,-0.652875253275054,-0.329740739087585,2.54557811730967
-0.686689281943838,-0.30302977208608,-0.387766936723862,-0.195568776651404,2.00611738141729
-0.23307440458705,-0.246982999975094,-0.668327760391474,-0.202269684492895,0.89481504807432
-0.332727081879048,-0.179159259085971,-0.701652407274745,-0.311773283078545,1.02623755028118
-0.882476090410587,-0.286118773576766,-0.105206208959715,-0.192421367372028,2.78788391019542
-0.234672322226882,-0.259598989166911,-0.345294455416381,-0.182499067147352,1.03403142234394
0.123619199498361,-0.133956949105482,-0.949785755968137,-0.282132430606259,0.407604570984289
-0.534775044694196,-0.0575280722451025,-0.848747299667476,-0.394426608725768,1.41396257539396
-0.860340000669773,-0.347168510728536,-0.404034929466388,-0.102283461732711,2.52913014151598
-0.598172749380056,-0.246685718132744,-0.339732828737244,-0.177534111507204,1.76544321897617
0.245730982758685,-0.0612628547130137,-0.87535041385002,-0.339566697800531,0.243991446602238
-0.349764015194667,-0.285516695687592,-0.775293034146428,-0.179231196014563,1.14387853056005
-0.755426120545776,-0.333613749419273,-0.783526059357221,-0.146119001696965,2.13180336639694
-0.457624216392419,-0.154525215177943,-1,-0.359908477309935,1.35982783241223
-0.792974330438561,-0.142338097479066,-0.285629367447353,-0.302855614906098,2.23985515688614
-0.0101601809815018,-0.21960184294891,-0.641585170914577,-0.191774209277459,0.551841108951591
-0.220528882752072,-0.198870185242809,-1,-0.258931143203791,0.925837951745302
0.174565808344204,-0.121856189562371,-0.943186812217503,-0.287261524429543,0.351340057471708
-0.996142901116866,-0.342530082422159,0.292999774856816,-0.0671985904328022,3.84569581836748
-0.224835123318468,-0.21028080076154,-0.245850083978363,-0.200124842516773,1.05493547794144
-0.951107792750706,-0.231141036479347,0.243356491286879,-0.170463920914225,3.4826118276893
-0.724863803500132,-0.328711029895231,-0.356029233140188,-0.108741467441142,2.16144345917664
-0.34324258973139,-0.133499036579117,-0.626804710611207,-0.27738111582373,1.01227357795721
-0.379130613074392,-0.131091048109341,-0.943418586971128,-0.347800602749513,1.14941566625372
0.191000136709749,-0.171036903840797,-1,-0.255493765636865,0.398028830207768
-0.761020493170107,-0.163489606938786,-0.643178546980962,-0.33504257171472,2.00596665088004
-0.201916459455619,-0.193770626411237,-0.419724283018865,-0.190607782772646,0.876768005443868
-0.155124404580275,-0.217449789189481,-0.354390012439673,-0.156493126133778,0.865816304462118
-0.112610518317318,-0.0856753189432691,-0.518571470138992,-0.3217760771488,0.637169863083092
-0.37677798488406,-0.194787783218149,-0.185834834310489,-0.214532150814272,1.37452962654828
-0.230957765645926,-0.230047594160144,-1,-0.227518679532016,0.966189019253382
0.200931544295144,-0.0257105148276888,-1,-0.394650236318491,0.338089583341283
-0.814401353529192,-0.28658247345347,0.191214535872354,-0.108653892906574,3.03990115256861
-1,-0.235510151455364,0.306809982128978,-0.159235582883104,3.76499716983811
0.288421539263189,-0.16340317588206,-0.828757227985347,-0.217194015609405,0.246017063367535
-0.792545012957428,-0.281128650296538,-0.162922881811416,-0.124253832605291,2.46485570400551
-0.363650525531952,-0.265068368571341,-1,-0.248609327695417,1.23727378954262
-1,-0.314213480564341,-0.495018389798788,-0.207882421931991,2.86649509669029
-0.53070653381076,-0.136488435704568,-0.643313776580981,-0.337463017474158,1.41383114206386
0.0306568880410157,-0.13715655204826,-0.471339158546373,-0.26202862847001,0.493959450888363
-0.796993289862118,-0.170303580392105,0.424776542469778,-0.258138368797537,3.3572173339877
-0.879295830893892,-0.255402187088914,-0.438493613687098,-0.244290391141661,2.46605453613533
-0.10076257293159,-0.121104936746688,-0.591562301446549,-0.323632427046793,0.621220275509847
-0.176254416438891,-0.145413994842451,-0.143433822107841,-0.230795174569532,1.03259600002416
-1,-0.17684654560393,-0.164951778848522,-0.303333775927853,2.99896778713848
-0.425537274694094,-0.186723122001151,-0.454346406097265,-0.277232731943717,1.26759205795813
-0.847731601668317,-0.278295681382093,-0.0528471299289608,-0.194228433170002,2.74353369752273
-0.958389229128893,-0.375249063871954,-0.387214180463357,-0.158651887101635,2.85903311029397
-0.918069390072701,-0.332237208879974,-0.225163247783407,-0.150149431952791,2.81576613998228
0.105064321815878,-0.136294528438748,-0.650435543271963,-0.280028161223221,0.366916477356932
-0.750122407428953,-0.25163041275753,0.142483797242017,-0.162574175922582,2.73798018569249
-0.517143831026545,-0.162270402034086,-0.719268251726782,-0.337072982187471,1.39841045136098
-0.708096074793663,-0.167019442291434,0.0486596123324089,-0.234023388844659,2.40746741803669
-0.981435901993595,-0.140638522553919,-0.55466821301543,-0.379410847736345,2.67028369575561
-0.987820095493674,-0.322661955559236,-0.111213563799645,-0.150049717536708,3.14351267361422
-0.56061387527306,-0.346768874295155,-0.706681869379723,-0.14065929348794,1.6495467362021
-1,-0.324221553944609,-0.719609819213006,-0.210773716577403,2.83530885559856
-0.90073880447003,-0.114944062768117,-0.191864074350896,-0.345300930266764,2.63072120118668
-0.930387260984568,-0.215906851499586,-0.447335179826021,-0.283586421019919,2.58588987884061
-0.491170599225876,-0.064075416635665,-1,-0.488410824094575,1.43356990574117
0.553628582527157,-0.154761806375617,-0.486464484506197,-0.191557291510677,0.173674943325171
-0.788382588071811,-0.359829777306353,-0.645857500165325,-0.146933668072581,2.24676303629244
-0.351027262878931,-0.223287718114826,-0.535376881824649,-0.23536489523825,1.11197679389884
-0.293912202382382,-0.276912298432645,-0.689121869911742,-0.194947669247482,1.02666822572468
-0.979391673898332,-0.338071053970256,-0.857163460739417,-0.246100793000671,2.81082415520692
-0.29487240829413,-0.157319196731634,-0.500180111099348,-0.285892413519511,0.975779130179552
-0.703060848482788,-0.293350638946376,-0.985759880822933,-0.255214713696212,2.02606980189397
-0.676967383993724,-0.204882903398392,-0.456108242846199,-0.261132980317911,1.85779629573821
-0.648334417764089,-0.357634874409045,-0.428522363121368,-0.106366315485116,1.95176284593264
-0.903857936894751,-0.131810246766423,0.214543632615987,-0.279911443091866,3.214462628916
0.0979133460695205,-0.173743542700342,-0.640139705024728,-0.243791186550623,0.397276166699346
-0.871461838085544,-0.147856271478371,-0.0650275634624465,-0.30637405953018,2.70070936225229
0.00410974725129533,-0.124650700630165,-0.939422260055599,-0.330006027059931,0.53470785642261
-0.539629791702377,-0.364595973045538,-0.382930184555499,-0.0814177736068472,1.73211968719721
-0.332880614383115,-0.23727348859673,-0.860598799290002,-0.223011522852537,1.08779584903876
-0.671578205402884,-0.24856248449581,-0.288214410133209,-0.181158382348879,1.98804181353032
-0.844214933119508,-0.3621199617312,-0.882802305837815,-0.179554559676665,2.43557032347171
-0.858936082697231,-0.381949075550436,-1,-0.147652763369623,2.55989945311278
-0.896255275464857,-0.174492761494154,-0.560967811927682,-0.293904328417692,2.40717264998369
0.0575595949911311,-0.233788142022186,-1,-0.207532831358061,0.572470488693515
-0.20490218161716,-0.14139857092728,-0.653832247577702,-0.278761317371239,0.772755312681031
0.626490548653513,-0.172110304828777,-0.634528592959625,-0.153107582123497,0.145653232121881
-0.418910995996826,-0.294554668865953,-0.618062643617144,-0.165195539648168,1.29068901909175
-0.926330609307576,-0.202713541957403,0.569861997646755,-0.179246678574155,4.10484351920273
-0.876229949307096,-0.297092633994899,-0.13836251230974,-0.154779207820853,2.74383753762755
-0.531303790558376,-0.257672353320774,-0.0905672269567288,-0.176287258778582,1.86128284848137
-0.812096722381005,-0.312372217716979,-0.444042210555273,-0.186767782716402,2.32223192439906
-0.927961758231374,-0.170067380739998,-0.215608002857476,-0.304963698763643,2.71726998585914
-0.597179452775036,-0.245810565626047,-0.808044049092775,-0.259529654213113,1.64720299884564
-0.547466691334351,-0.158174281292132,-0.0132406363829521,-0.216635027499247,1.91688377115653
-0.336726146414295,-0.203127278241674,-0.453179714738065,-0.230400249236972,1.10181190420917
-0.0455016946406407,-0.281445871936099,-0.834342979981074,-0.151362028110704,0.668876253967949
-0.173777486788757,-0.259737903727736,-0.846529710747221,-0.198737375229467,0.831563089538073
0.0660267330794461,-0.293091482066853,-0.550647512356954,-0.107889346447364,0.559057197535755
-0.138125010656356,-0.214863748287579,-1,-0.24085865329466,0.808609890548718
-0.749975365513766,-0.379108384096321,-0.826093324237634,-0.155468801238794,2.17568256210508
-0.82203925667158,-0.319040384524738,-0.0418322820813093,-0.178124024351577,2.72526187150351
-0.00718895484966795,-0.264513796317077,-0.897697485189584,-0.19842804275558,0.623538260560199
-0.953045164412418,-0.166532245982878,-0.0856333141544757,-0.326421414881797,2.93972396886758
-0.79699471819247,-0.159045813611245,-0.503788205787864,-0.360370264503015,2.14472582885413
-0.12454494266835,-0.233421388192297,-0.761034613091594,-0.248336760184065,0.718881140069152
-0.642954635972842,-0.333047009097895,-0.802230655852092,-0.197228337736767,1.83953413010224
-0.102219904340392,-0.170759582354055,-0.535212181825559,-0.248279578639147,0.660061404691448
-0.903346502059915,-0.161700314025406,-0.448031833834102,-0.369950395075364,2.48324891596914
-0.506282949905316,-0.302773904103673,-0.662677746532032,-0.199077343976109,1.47803736579692
-0.359327799654914,-0.292479165835578,-0.458705808099345,-0.165021127346584,1.22229196454994
-0.788926071463882,-0.174378169820186,-0.688647299770739,-0.359550634940293,2.09485993494235
-0.617254367484341,-0.321763822751508,-0.0973199288420311,-0.139310590360551,2.12085215450533
0.603508638833379,-0.104752815600584,-1,-0.300668872261057,0.19302081100526
-0.695044664756067,-0.248478511238388,-0.656500424615006,-0.268960089071049,1.88492136569912
-0.906397467629946,-0.248501958429248,-0.468193518313839,-0.305628060937904,2.535278869406
-0.865615349711255,-0.284192818789717,0.787000399618455,-0.0769426854813648,4.60878433019876
-0.688134222221944,-0.134409888787413,-0.657998467127978,-0.386744795453939,1.80775749557087
-0.498682734371224,-0.298489113743717,-0.193169433072855,-0.15420201666298,1.71456982617585
-0.381731126687522,-0.342348878904193,-0.807117575801059,-0.180967532769546,1.26977472141016
-0.477953760695188,-0.282773593993976,-0.683509529409584,-0.243801686962824,1.39724517665584
-0.101176453784524,-0.181918069431384,-0.840021357194196,-0.307043191253643,0.668574056364304
-0.143501743432412,-0.163679570177029,-0.426743909532749,-0.277388172419271,0.765715492459026
-0.00117626654865923,-0.132320750573918,-0.247694689188704,-0.266138199772646,0.680804340380666
-0.733792166060244,-0.346854749883185,-0.376367619373332,-0.13330660909078,2.18723758589453
-0.868639478900934,-0.175506820417326,-0.34551966678843,-0.349353783270663,2.44587015037738
-0.212772266270288,-0.215179902578426,-0.694368573397663,-0.275364698145313,0.838684659015283
-0.48959158060758,-0.117750744162167,-0.520490519497131,-0.335348876515076,1.33871831991084
0.123087124994643,-0.204497737429149,-1,-0.238402594600205,0.482539069203204
-0.985970826180951,-0.316833103235163,-0.0515758803629438,-0.1847393874071,3.20310664332058
-0.791843579889484,-0.318660571226957,0.503212346197133,-0.0717288007125017,3.67041078963291
-0.989233712491414,-0.298273496730016,-0.69672098065607,-0.224079188106191,2.77453082973051
-0.454393820985686,-0.206827514827848,-0.355692183898611,-0.23386239190223,1.39694949036765
-0.738070451363648,-0.194478900348459,-0.579672895106235,-0.314879541530921,1.97372205686712
-0.898291037562213,-0.297104454091018,0.150176140464798,-0.159473236690633,3.21643075987633
-0.976188790474514,-0.231173593936181,0.566248775661924,-0.191114991946196,4.27374667655879
-0.322480644156981,-0.261316324826933,-0.764129232560637,-0.238656621288718,1.06939018323438
-0.688562439510791,-0.34768520338044,-0.870951412493579,-0.168190989520268,1.99058844110112
-0.473376387753883,-0.268015707532469,-0.321589754596624,-0.174125305619148,1.51503938592024
-0.701783097672707,-0.109082304551419,-0.438915738450073,-0.368673926128369,1.88678698935779
-0.990533555697136,-0.277572594222977,-0.129127138152254,-0.209113870874273,3.08385146158799
-0.816295793938414,-0.325775836715781,-0.606711673868983,-0.181476279433959,2.29137984641776
-0.611524930731753,-0.33510634802106,-0.91584179536393,-0.196459152920029,1.80073167970098
-0.846144774473761,-0.381385282396584,-0.607036258180321,-0.108549167595331,2.44634906736575
-0.214908295983649,-0.224619116921474,-0.862886792196518,-0.259659026287801,0.874468231807826
-0.127207193351506,-0.105526080954363,-1,-0.359636170821067,0.737660195239919
-0.580873467965422,-0.136455456779808,-0.334873496053692,-0.277094050158443,1.64692527819548
0.197223825272296,-0.161516895014255,-0.988123653547018,-0.254541772210141,0.378913156958135
0.183954966613479,-0.210503186889576,-0.797499828523918,-0.202187960092886,0.351117339983651
-0.843650197643999,-0.157368084108555,-0.610771887035257,-0.350753272327295,2.24252604595761
-0.508020059471946,-0.280658334801316,-0.297675949245956,-0.141931078249877,1.62397752849455
-0.0320459413238175,-0.234285540124936,-0.696028572497383,-0.183391246886643,0.588377625221907
-0.585542352336301,-0.347350804054173,-0.741123188010512,-0.145277908739584,1.7097891957459
-0.809036146349588,-0.313474387297714,-0.532108131807979,-0.210006315719388,2.27732661388974
-0.540124890226447,-0.145863479277166,-0.684476505105721,-0.339159880592687,1.43911276287188
-0.441053488194787,-0.301007836118435,-0.825886138690519,-0.212439670803545,1.35080328245872
-0.584344598885336,-0.284667490239536,-0.164109716891219,-0.157198572092647,1.92658506276528
-0.71249607125689,-0.253785404012058,-0.30377027008861,-0.2046025196911,2.08558631201232
-0.929041602013684,-0.264503398777911,0.250098734416043,-0.141009084543409,3.45989916141018
0.1072924747601,-0.180164088219428,-0.950371137826444,-0.26195391607535,0.453809433773315
0.0267897044047194,-0.187897511211379,-0.845831508373688,-0.255765986019838,0.503411196211721
-0.840964229829167,-0.142863403421915,0.38986427948704,-0.264537202853624,3.3859024233072
-0.13168704151497,-0.321042324895194,-0.831101065185463,-0.108858235812219,0.832345341525143
-0.759770093478239,-0.247293844208048,-0.548920475576451,-0.247543498803782,2.07413189716278
-0.268446761722885,-0.330004794785419,-0.559493331818045,-0.118391181736257,1.0615069834645
-1,-0.231012385020491,0.379459855245417,-0.204062749131933,3.91102176105802
0.180415941528267,-0.174378672736085,-0.978426281428902,-0.277189586523851,0.399689599181293
0.099559631312356,-0.207981616217252,-0.870526464827057,-0.264737047568729,0.450159722317795
0.586131531581851,-0.10728689764627,-0.959341375755162,-0.280080587617236,0.168288421573036
-0.76740429626898,-0.253816682956875,-0.543518014026087,-0.269450152871328,2.10505402685304
-0.414602116190662,-0.179604381087768,-0.544760263005826,-0.288326631689056,1.20541791012715
-0.505992915201576,-0.168078490962021,-0.578769189617299,-0.288469460359623,1.38122585878733
-0.897506579734817,-0.302678034754731,-0.162554102001401,-0.212245589808827,2.78420921071923
-0.304260414060596,-0.141960988950302,-0.92089693557675,-0.344250098056487,1.00422776133741
-0.749130061664615,-0.0943644548921821,-0.688035403506779,-0.389757869274459,1.94295355611197
-1,-0.291277847212064,0.0397101417577401,-0.186732576521127,3.34870104150634
-0.747618902272454,-0.213590373849829,-0.453340704230038,-0.282613513973639,2.05479950398406
0.468085667636281,-0.0529382920460756,-0.984600782723885,-0.360649937688101,0.18818517867239
-1,-0.339508753708254,-0.0354313211866972,-0.146716595433113,3.29556034538973
-0.408578660498087,-0.142805917265742,-0.812915882188344,-0.350786510533843,1.17023337953387
-0.815990585524311,-0.234669257123334,-0.555838368861528,-0.280704168313971,2.22126244005739
-0.476527307862405,-0.156576968623668,-0.999906573459307,-0.406462204828238,1.41862877395296
-0.298796644201444,-0.171242911815253,-0.992715340783576,-0.323458534075841,1.04658098756705
-0.74471533504775,-0.383632854277887,0.575238432078501,0.0338872365488076,3.82982293897561
-0.474642761900937,-0.204954177992637,-0.817658946973799,-0.312059792040464,1.3452459767749
-0.904711404054018,-0.298789761808562,-0.201892618987737,-0.190232417087214,2.76115400467011
-0.970021901239609,-0.167360059294227,-0.316188323956945,-0.318289916724981,2.76122609060248
-0.589325114444108,-0.248661790435244,-0.706683737567817,-0.217294960890221,1.61613541806412
-1,-0.301831816552439,-0.0646920025308311,-0.15785262232099,3.21722782519782
-0.384665832519179,-0.261232068601831,-0.616658248892042,-0.212453506128649,1.18940276013005
-0.525712974617645,-0.25289239288863,-0.0766849269812526,-0.177083218955429,1.86138807986471
-0.395810349596681,-0.374814772410779,-0.836364682111132,-0.111077873437325,1.34855274606522
-0.192468346139489,-0.24115164188458,-0.6993125202707,-0.216129030124916,0.822881469011667
-0.531948271735874,-0.211279023119654,-0.177704733805918,-0.190517344370656,1.72333959059062
-0.0131298449079437,-0.230985748475694,-0.434917959361572,-0.16345249914306,0.633281130193915
-1,-0.239598952647617,-0.16402408100506,-0.238690426620225,3.04201437402341
0.163762246754553,-0.120202468258211,-1,-0.338492522182893,0.402013176735865
-0.557584856568621,-0.213421927388875,-0.0120204322392921,-0.19876405555688,1.9842378034178
-0.580400985961821,-0.235094635523987,-0.174924643471438,-0.185093831671779,1.85858015340922
-0.899128089723592,-0.35970896854658,-0.403649931001771,-0.108465652624937,2.65686105901442
-0.41380742081571,-0.251225084857811,-0.978150969020634,-0.291009413374662,1.31706023859586
-0.0598616987814018,-0.11116257307671,-0.861164999336134,-0.347329732731349,0.579919815560103
0.206355818704706,-0.237856433189382,-0.614138097731456,-0.183918547804447,0.354304876918861
-0.237517279272965,-0.26168794202398,-1,-0.242139923959606,1.00636672208245
-1,-0.131869957710308,-0.501815517702807,-0.354716310829339,2.73335189469069
-1,-0.310798662109379,-0.726181011774433,-0.246712564792757,2.82378278229978
0.0704524119263303,-0.0581478243024496,-0.877210251984956,-0.378127862740907,0.410193956119944
-0.7397297286626,-0.136201552970721,-0.79746440929065,-0.375325934197144,1.94814572436276
-0.29821266920056,-0.105869918388663,-0.488501123022574,-0.335642061563371,0.963472949915355
-0.912020416658915,-0.317325270299876,-0.112940636228098,-0.154706496028143,2.90052137377856
-0.602745215833712,-0.218016061017095,-1,-0.365638749763871,1.73876967690247
-0.466642522326665,-0.305363196589962,-0.532996085499675,-0.154221039589089,1.42310425157775
-0.413035888283036,-0.304000691327754,-0.893073713667859,-0.196269486067959,1.31754978345195
-0.514256097337483,-0.307553493380638,-0.482906605113534,-0.179445588972703,1.54672922501266
-0.208914355392852,-0.150277344329061,0.113851131480428,-0.176299906246209,1.43995201096676
-0.124499252874089,-0.189544078131579,-0.757763728269609,-0.254168041672109,0.682914581264691
-0.786140275140229,-0.265738356127638,0.158129756997943,-0.164484951676426,2.87594507723708
-0.400099895122696,-0.267944947544899,-0.876520294414066,-0.230129798900044,1.25123949327901
-0.0572661317635357,-0.14788474173448,-0.995859383354293,-0.326950807949882,0.656671843852978
-0.423024357114265,-0.105123728266532,-0.743843025546969,-0.374845302774055,1.17217241559159
0.0256176690399337,-0.204256765633829,-0.018457162626563,-0.167169473205101,0.958917077344509
-0.898848645247659,-0.375888298835651,0.192344179555254,-0.082737291796181,3.388223271618
-0.986140816017919,-0.256192108804875,0.374940537253707,-0.184608320712978,3.87968799079639
-0.429182148809285,-0.24899306331661,-1,-0.305874938405249,1.36202016891645
-0.501428713211445,-0.241643056471364,-0.637141667970763,-0.262335908641438,1.41603073502764
-0.813268510815699,-0.192827475483064,-0.744103976429522,-0.358846077037785,2.17881854608481
-0.486020348340737,-0.204508399081771,-0.0718328745534682,-0.217337498045514,1.73796176826807
-0.312477597466736,-0.144001670308801,-0.779870418083772,-0.349228272893838,0.979600876169667
-0.61964232060023,-0.320827497480873,-0.333154893965714,-0.188382509069801,1.89349897024812
-0.75995326344619,-0.298508259352753,-0.461735271564933,-0.205096159027742,2.15477941505392
-1,-0.289241481327441,-0.447444820497485,-0.271730007429059,2.86828653971079
-0.761354607615104,-0.356781681584559,0.036659331923182,-0.100255147991339,2.71590821543474
-0.183133712007251,-0.0741610595988705,-0.6542061051658,-0.379500371070906,0.72278016150131
-0.281029031127906,-0.233174614678217,-0.676221187577817,-0.247105601730369,0.966636770126388
-0.637804010068519,-0.180129357918932,-0.335525501713615,-0.303398354181844,1.82018997564219
-0.221451304390262,-0.135084300449589,-0.457191344354779,-0.319053420587682,0.86019349410212
-0.73171566719542,-0.241703086949512,-0.31575740950092,-0.245055128266347,2.11824056821101
-0.798694650769371,-0.288184035268377,-0.63521586816382,-0.265391711085635,2.20314343799824
0.0694934871912078,-0.274983964127224,-0.690162791088548,-0.175531733874734,0.507742393036901
-0.820601987123092,-0.276923364652386,-0.182118907739175,-0.247042617629309,2.51597973516411
-0.591890495153845,-0.330328122203611,-0.964256989419868,-0.218868337896367,1.77203864027031
-0.648496978051184,-0.236849053957536,-0.201199049266159,-0.234781015576742,1.99959390764406
-0.413960990508592,-0.197674874333782,-0.745175945219412,-0.312417588538033,1.20094077618873
-0.61010694844289,-0.295266771040928,-0.191139425566382,-0.170131706490429,1.96947920033716
-0.627297798076392,-0.303314833939524,-0.509286420605388,-0.19997622767436,1.79595737715736
-0.902818021762242,-0.259075223295818,-0.122993414837609,-0.235201421408267,2.80338780656741
-0.448884879623395,-0.435510692015916,-1,-0.106992353983256,1.60268375258671
-0.825472611824005,-0.219548712333213,-0.505777787281686,-0.301313541680602,2.25597999072187
-0.893044040826452,-0.217126394086528,-0.78440729397356,-0.359766543274113,2.43582487611671
-0.38549709139262,-0.175349219176749,-0.774414136045072,-0.336893756955838,1.13636891781673
-0.988975332828949,-0.22988634502431,-0.240519878195062,-0.309335168959809,2.93272103948258
-0.352528493042705,-0.227090958072376,-0.484782654661486,-0.202649496718661,1.13604274209281
-0.0962757144821391,-0.360452106258877,-0.875085649564074,-0.142655706277718,0.832849786693406
-0.703892477356927,-0.199827016017379,-0.238520282836151,-0.30328097081205,2.08362772353085
-0.288314007596224,-0.305531202822298,-0.891835943288593,-0.218871662552479,1.08182074190354
-0.733413493573266,-0.313761858405749,-0.504307808168252,-0.182927853147004,2.08052968413788
-0.679457113434546,-0.211013060628876,-0.364259990898101,-0.281158146065133,1.92525023951025
-0.509708503151347,-0.222261832756593,0.402947353553315,-0.165373307454307,2.62744988991628
0.27189600268373,-0.0395280526860608,-0.688234493427016,-0.390971188882925,0.201634343206768
-0.219554546577657,-0.143629954889639,-0.523529457753613,-0.292772721335941,0.829499830818374
-1,-0.242079577551039,-0.338735901684543,-0.307699851226077,2.8975453595735
-1,-0.36306082582731,-0.188238414691261,-0.165312885626292,3.14014060968262
-0.303522343804626,-0.147704071553376,0.117413663152459,-0.201243106212,1.60541738915038
-0.82065621512858,-0.435840673345401,-0.46063117292728,-0.0740438089240503,2.49571984090833
-0.379811859199131,-0.191702472571774,-1,-0.333522686693692,1.221290414308
-0.593143481386939,-0.268197764113792,-0.764486952756693,-0.232637236411315,1.64802426977371
-0.666410688380452,-0.180745129268586,-0.200974920024804,-0.290547330087018,2.00598773453614
-0.203830024150283,-0.0328726405995201,-1,-0.494952965185987,0.877369626137244
-1,-0.281091312899868,-0.00904005520912649,-0.196056462208366,3.26889004814344
-0.740588444843734,-0.292483119610513,-0.330583450651637,-0.219775071966008,2.17657664195356
-0.949996931845123,-0.305380095959784,0.509879996328481,-0.118730467574342,4.12831387253811
-0.799214628812107,-0.18980587354812,-0.540444046680135,-0.348901735295517,2.15738002554824
0.0317526524061255,-0.212723460831507,-0.878530539593137,-0.231548512122186,0.52611416535275
-0.647636198344449,-0.212547558317659,-0.723968465840636,-0.272763939190538,1.73266064949453
-0.14550875486251,-0.310644676912973,-0.632449836199673,-0.150306243591246,0.823573783691668
-1,-0.20672561694606,-0.406833367268791,-0.340785425921955,2.83119293817914
-0.305663575543022,-0.285275132856868,-0.844267887546596,-0.232219145474579,1.07756976334689
-0.745790609497602,-0.170172710590688,-0.52343960863487,-0.300515116567416,1.98945706073555
-0.716829401470511,-0.268655922583288,-0.260126814186489,-0.222914896439498,2.14769155842614
-0.555551349014405,-0.284768270268476,-0.499401339449742,-0.218880831700187,1.61089550448835
-0.863200610285948,-0.300451673641327,-0.761394207664817,-0.282385686276392,2.4019645536296
-0.823055811621654,-0.184411609100277,-0.203758685736669,-0.29384827328627,2.42792306858184
-0.852466239146942,-0.182117375417421,0.627155869924031,-0.202665810408647,4.01702167407651
0.166128807465613,-0.216378086424569,-0.40881910164812,-0.166113062882999,0.447549562637977
-0.219459061354434,-0.235710005013946,-0.587047464383941,-0.242598045796173,0.875929230512893
-0.603094593923183,-0.304242992754919,-0.804596202327705,-0.217247002871933,1.71293542231907
0.0456722526899609,-0.2622587978381,-1,-0.217706911793295,0.611275982341804
-0.708247550553569,-0.314549903359326,0.212926931821409,-0.113491852686684,2.81719249897294
-0.586327173955705,-0.226846551120588,0.088103752797767,-0.205521062399626,2.21070814917322
-0.410191110719628,-0.15887661938728,-0.89918054381531,-0.362715134132232,1.21542761203003
-0.12107373401318,-0.116756084685876,-0.772158091201889,-0.359910257349023,0.651059827600566
-0.23816451275869,-0.0631804104993433,-0.618404526207987,-0.387492576115986,0.813594966360568
-1,-0.390562462421461,-0.608838331868347,-0.169072194102779,2.91803100093546
-0.475864495319358,-0.237841993076832,0.331241190461815,-0.14047737073312,2.41619135949022
-0.464223252626584,-0.353195504468166,-0.923035634712857,-0.168486203957233,1.48933441128769
-0.894375194272539,-0.346619078790254,-0.481762750549007,-0.161450626244205,2.58106318981949
-0.810476449647062,-0.26342175804283,-0.670378819536756,-0.276542458230557,2.2109397030805
-0.845191963803288,-0.244974587985428,-0.812172299393354,-0.316007788215545,2.31262262787226
-0.288824774995558,-0.137387367597528,-0.544885503003353,-0.35576544568943,0.952163097709644
-0.906396740999057,-0.403653751411584,1,0.069804229206774,5.59642331498372
-0.947032148723424,-0.314497186925412,-0.533446272474091,-0.195693795959465,2.68577451208399
-0.990003763043195,-0.347259767515358,-0.421215562849725,-0.180269610677671,2.90571527029249
-0.10243169242957,-0.309413066990298,-0.78960990161548,-0.177384456237612,0.761453352637137
-0.829115079076393,-0.204577904074365,-0.515923258607312,-0.305690787243979,2.25110797893873
-0.495913432485785,-0.229907921410828,-0.276830696824384,-0.215925326359102,1.56517294756433
-0.645490237481445,-0.204860940870957,-0.378746260461015,-0.31212101724353,1.83093340078001
-0.935388472783843,-0.139415135021895,-0.669983012366167,-0.410133970760253,2.51767770145351
-0.213616234470742,-0.167628425930926,-1,-0.357263147590033,0.911853734136725
0.0407320665722532,-0.13563317011331,-0.930421227158897,-0.336867039121583,0.497256774564174
0.193302299977553,-0.120018097046783,-0.643802599789439,-0.280218264669837,0.277407719418059
-0.791871089771393,-0.265388836628286,-0.498072144656577,-0.253615944150768,2.19754142803041
